번호,필수여부,준용여부,용어명,정의,선정근거_출처,선정근거_세부내용,주소지식모델 포함여부,주소지식모델정의,유사용어
89,필수,미준용,1~2차선,"도로에서 차량이 이동할 수 있는 영역으로, 한 번에 최대 2대의 차량이 나란히 이동할 수 있는 구간",업무편람,p365,포함,"도로에서 차량이 이동할 수 있는 영역으로, 한 번에 최대 2대의 차량이 나란히 이동할 수 있는 구간",
90,필수,미준용,100m국가지점번호격자,100m 크기의 정사각형 격자,업무편람,,포함,격자참조체계를 따르는 국가지점번호참조체계의 주소부여대상 단위 중의 하나로 국토조사에 사용되는 격자체계의 단위 중 한변의 길이가 100m인 정사각형인 격자,
91,필수,미준용,10km국가지점번호격자,10km 크기의 정사각형 격자,업무편람,,포함,격자참조체계를 따르는 국가지점번호참조체계의 주소부여대상 단위 중의 하나로 국토조사에 사용되는 격자체계의 단위 중 한변의 길이가 10km인 정사각형인 격자,
92,필수,미준용,10m국가지점번호격자,10m 크기의 정사각형 격자,업무편람,,포함,격자참조체계를 따르는 국가지점번호참조체계의 주소부여대상 단위 중의 하나로 국토조사에 사용되는 격자체계의 단위 중 한변의 길이가 10m인 정사각형인 격자,
93,필수,미준용,1km국가지점번호격자,1km 크기의 정사각형 격자,업무편람,,포함,격자참조체계를 따르는 국가지점번호참조체계의 주소부여대상 단위 중의 하나로 국토조사에 사용되는 격자체계의 단위 중 한변의 길이가 1km인 정사각형인 격자,
94,필수,미준용,2~4m,도로명판의 기준이 되는 도로폭 2m이상 4m 미만 도로구간,업무편람,p349,포함,도로명판의 기준이 되는 도로폭 2m이상 4m 미만 도로구간,
95,필수,미준용,2m이내,도로명판의 기준이 되는 도로폭 2m 미만 도로구간,업무편람,p349,포함,"주소안내시설인 도로명판의 도로의 폭 기준의 하나(2m이내)로, 도로명판의 기준이 되는 도로폭 2m 미만 도로구간",
96,필수,미준용,3차선이상,도로에서 차량이 최소 3개 이상 옆으로 나란히 운행할 수 있는 구간,업무편람,p365,포함,주소안내시설의 기초번호판의 도로폭 표기 방법의 하나로 차선이 3개 이상,
97,필수,미준용,4m이상,도로명판의 기준이 되는 도로폭 4m 이상 도로구간,업무편람,p349,포함,"주소안내시설인 도로명판의 도로의 폭 기준의 하나(보행자용)로, 도로명판의 기준이 되는 도로폭 4m 이상 도로구간",
253,선택,미준용,가로등,도로나 길 등에 설치해 놓은 등,표준국어대사전,,미포함,,
254,선택,미준용,가상기초간격,가상도로구간에 대한 기초간격,주소정보기본도 작성·관리 규정,11조,미포함,,
255,선택,미준용,가상도로구간,개설이 예상되는 도로에 대한 도로구간,주소정보기본도 작성·관리 규정,11조,미포함,,
98,필수,미준용,각진기둥용,"내부도로용 기초번호판의 종류 중 하나로, 모서리 형태의 기둥에 부착하는 유형",업무편람,p365,포함,"내부도로용 기초번호판의 종류 중 하나로, 모서리 형태의 기둥에 부착하는 유형",
99,필수,미준용,개체,"사람, 사물, 장소, 기관 등의 실세계를 표현하는 대상",주소지식모델,,포함,"사람, 사물, 장소, 기관 등의 실세계를 표현하는 대상",
100,필수,미준용,개체명,"사람, 사물, 장소, 기관 등의 실세계를 표현하는 대상의 이름",주소지식모델,,포함,"사람, 사물, 장소, 기관 등의 실세계를 표현하는 대상의 이름",
256,선택,미준용,개축,기존 건축물의 전부 또는 일부를 해체하고 그 대지에 종전과 같은 규모의 범위에서 건축물을 다시 축조하는 것,건축법 시행령,2조,미포함,,
1,필수,준용,건물,건축물과 사람이 활동하는 구조물,도로명주소법,2조,포함,도로명주소(동) 참조체계에서 주소부여대상 중의 하나로 건출물과 사람이 활동하는 구조물을 뜻함,"건축물, 건물등, 동"
2,필수,준용,건물군,하나의 집단을 형성하고 있는 둘 이상의 건물등,도로명주소법 시행령,2조,포함,도로명주소(동) 참조체계에서 주소부여대상 중의 하나로 하나의 집단을 형성하고 있는 둘 이상의 건물을 뜻함,
101,필수,미준용,건물군도로명,건물군이 위치한 도로의 이름,주소지식모델,,포함,건물군이 위치한 도로의 이름,
257,선택,미준용,건물군의출입구,건물 집합체의 출입구,업무편람,,미포함,,
3,필수,준용,건물등,건축물과 사람이 활동하는 구조물,도로명주소법,2조,포함,건축물 또는 구조물,"건물, 건축물, 동"
4,필수,준용,건물등관할구역,건물등을 관할하는 행정구역,도로명주소법 시행규칙,2조,미포함,,
102,필수,미준용,건물명,건물의 이름,주소정보시설규칙,22조,포함,건물의 이름,
5,필수,준용,건물번호,도로구간의 기초번호를 기준으로 건물등과 건물군에 부여된 번호,도로명주소법,2조,포함,실내경로참조체계를 따르는 사물주소(안) 참조체계의 주소구성요소 중의 하나로 도로구간의 기초번호를 기준으로 건물등과 건물군에 부여된 번호,
6,필수,준용,건물번호판,건물번호를 안내하는 표시판,도로명주소법,13조,포함,도로참조체계를 따르는 도로명주소(동) 참조체계의 주소안내시설 중의 하나로 건물번호를 안내하는 표시판,
103,필수,미준용,건물의내부표기규칙,주소를 표기하기 위한 규칙 중의 하나로 건물 내부에서 사용되는 표기 규칙,주소지식모델,,포함,주소를 표기하기 위한 규칙 중의 하나로 건물 내부에서 사용되는 표기 규칙,
104,필수,미준용,건물의외부표기규칙,주소를 표기하기 위한 규칙 중의 하나로 건물 외부에 사용되는 표기 규칙,주소지식모델,,포함,주소를 표기하기 위한 규칙 중의 하나로 건물 외부에 사용되는 표기 규칙,
258,선택,미준용,건물의출입구,건물 내부로 들어가거나 나오는 곳,업무편람,,미포함,,
259,선택,미준용,건물종속구분,건물번호가 부여된 건물 안의 종속된 건물여부,주소정보기본도 작성·관리 규정,19조,미포함,,
260,선택,미준용,건물주소,건물에 부여되는 도로명주소,업무편람,p27,미포함,,
7,필수,준용,건축물,토지에 정착(定着)하는 공작물 중 지붕과 기둥 또는 벽이 있는 것과 이에 딸린 시설물,도로명주소법,2조,미포함,,"건물, 건물등, 동"
261,선택,미준용,건축물대장,건축법에 의한 건축물을 관리하는 대장,건축법,2조,미포함,,
105,필수,미준용,건축물대장건물명,건축물대장에서 사용하는 건물의 명칭,주소지식모델,,포함,건축물대장에서 사용하는 건물의 명칭,
262,선택,미준용,건축주,"건축물의 건축ㆍ대수선ㆍ용도변경, 건축설비의 설치 또는 공작물의 축조(이하 “건축물의 건축등”이라 한다) 에 관한 공사를 발주하거나 현장 관리인을 두어 스스로 그 공사를 하는 자",건축법,2조,미포함,,
263,선택,미준용,격자,"규칙적인 패턴을 나타내는 점의 분포로, 동일한 크기의 정방형 또는 준정방형 다각형(사각형 등)의 배열에 의해 정보를 표현하는 자료 모형",국토조사를 위한 격자체계 설정 및 지표 생산기준,2조,미포함,,
264,선택,미준용,격자방식,국가지점번호격자를 이용하여 국가지점번호를 부여하는 방식,주소정보기본도 작성·관리 규정,4조,미포함,,격자참조체계
106,필수,미준용,격자참조체계,주소참조체계의 하위 개념으로 국가지점번호격자를 이용하여 국가지점번호를 표현하는 체계,주소지식모델,,포함,주소참조체계의 하위 개념으로 국가지점번호격자를 이용하여 국가지점번호를 표현하는 체계,격자방식
265,선택,미준용,격자체계,"공간적 범위와 원점이 동일하며, 상하위 격자 간 중첩된 형태의 포함관계가 성립하는 위계구조, 즉 계층구조 체계가 존재하는 다수의 격자 집합을 의미함",국토조사를 위한 격자체계 설정 및 지표 생산기준,2조,미포함,,
107,필수,미준용,경도,지구상의 어떤 지점의 동서 위치를 나타내는 좌표,공간정보 용어사전,,포함,"지구상의 어떤 지점의 동서 위치를 나타내는 좌표로, x좌표를 의미함",
266,선택,미준용,경로,지나는 길,표준국어대사전,,미포함,,
267,선택,미준용,계보,"하나의 자원 생산에 사용된 출처, 소스 및 생산 처리과정",KS X ISO 19160-1,,미포함,,
268,선택,미준용,고가도,주된 도로구간이 설정되지 않은 공중에 설치된 도로 및 통로,주소정보기본도 작성·관리 규정,2조,미포함,,
8,필수,준용,고가도로,공중에 설치된 도로 및 통로,도로명주소법 시행령,3조,미포함,,
108,필수,미준용,고속도로,자동차의 고속 운행에만 사용하기 위하여 지정된 도로,도로교통법,2조,포함,자동차의 고속 운행에만 사용하기 위하여 지정된 도로,
269,선택,미준용,고층,층수가 30층 이상이거나 높이가 120미터 이상,건축법,2조,미포함,,
270,선택,미준용,공간,어떤 물질이나 물체가 존재할 수 있거나 어떤 일이 일어날 수 있는 자리,네이버사전,,미포함,,
271,선택,미준용,공간객체,지형지물의 공간적 특성을 표현하는데 사용되는 객체,KS X ISO 19160-1,,미포함,,
272,선택,미준용,공간객체구축,공간객체를 관리하기 위하여 시스템을 구축하는 행위,국가공간정보 기본법,2조,미포함,,
109,필수,미준용,공간주소,"공간에 부여된 도로명주소(기초간격, 국가지점번호격자)",업무편람,p26,포함,주소의 하위 개념으로 공간에 부여된 도로명주소,
110,필수,미준용,공간주소데이터세트,공간주소 데이터를 포함하는 데이터세트,주소지식모델,,포함,공간주소 데이터를 포함하는 데이터세트,
111,필수,미준용,공간주소제약규칙,공간주소 구성요소의 순서를 표기하기 위한 속성과 속성의 제약조건,주소지식모델,,포함,공간주소 구성요소의 순서를 표기하기 위한 속성과 속성의 제약조건,
112,필수,미준용,공간주소표기규칙,"주소참조체계의 주소표기 규칙 중 건물이 없는 지역(산악, 해안 등)의 위치를 표기 방법으로 기초번호, 국가지점번호를 포함",주소지식모델,,포함,"주소참조체계의 주소표기 규칙 중 건물이 없는 지역(산악, 해안 등)의 위치를 표기 방법으로 기초번호, 국가지점번호를 포함",
273,선택,미준용,공간참조체계,관리되는 공간객체의 식별자를 참조하는 공간정보체계,국가공간정보 기본법,2조,미포함,,
274,선택,미준용,공개하는 주소정보,비공개 및 공개제한 사항에 대한 별칭을 제거하고 작성한 주소정보,주소정보 제공에 관한 규정,2조,미포함,,
275,선택,미준용,공공와이파이,"정부, 지자체, 통신사 등에서 제공하는 무료 인터넷 서비스",기타문서,공공와이파이안내사이트,미포함,,
113,필수,미준용,공동주택,각 세대가 하나의 건축물 안에서 각각 독립된 주거생활을 할 수 있는 구조로 된 주택,주택법,2조,포함,각 세대가 하나의 건축물 안에서 각각 독립된 주거생활을 할 수 있는 구조로 된 주택,
114,필수,미준용,공동주택명,도로명주소의 표기에 사용되는 공동주택의 명칭,주소지식모델,,포함,도로명주소의 표기에 사용되는 공동주택의 명칭,
9,필수,준용,공보등,주소정보에 관한 사항을 알리는 홈페이지 또는 그 밖의 전달매체,도로명주소법 시행령,10조,미포함,,
276,선택,미준용,공원,"공중의 보건ㆍ휴양ㆍ놀이 따위를 위하여 마련한 정원, 유원지, 동산 등의 사회 시설",표준국어대사전,,미포함,,
277,선택,미준용,공중,고가도로를 제외하고는 공공(public)의 의미로 사용됨,업무편람,,미포함,,
278,선택,미준용,공중연결경로,도로명주소의 부여대상 객체간을 이동하는 경로나 연결가능한 주소정보의 구성요소를 3차원으로 연결하는 경로,주소기본계획,,미포함,,
279,선택,미준용,관리인,집합건물을 관리하기 위하여 선임된 사람,집합건물의 소유 및 관리에 관한 법률,24조,미포함,,
280,선택,미준용,관심지점정보,관심지점(POI)에 대한 정보,TTA용어사전,,미포함,,
115,필수,미준용,광역도로,2개 이상의 지방자치단체의 관할구역에 걸쳐 있는 도로,업무편람,,포함,2개 이상의 지방자치단체의 관할구역에 걸쳐 있는 도로,
10,필수,준용,광역도로구분코드,"둘 이상의 시ㆍ군ㆍ구 또는 시ㆍ도에 걸쳐 있는 도로명 분류 (행안부도로, 광역도로, 시군구도로)",도로명주소법 시행령,9조,포함,"둘 이상의 시ㆍ군ㆍ구 또는 시ㆍ도에 걸쳐 있는 도로명 분류(행안부도로, 광역도로, 시군구도로)",
116,필수,미준용,광역시,지방자치법에 근거한 광역시로 정해진 지방자치단체,지방자치법,2조,포함,지방자치법에 근거한 광역시로 정해진 지방자치단체,
281,선택,미준용,교량,시내나 강 등을 사람이나 이동수단이 건널 수 있게 만든 시설물,시설물의 안전 및 유지관리에 관한 특별법 시행령,별표1. 시설물의 유형 및 기준점,미포함,,
282,선택,미준용,교차로,"지상에서 하나의 도로구간이 둘 이상의 도로구간으로 갈라지는 지점 또는 둘 이상의 도로구간이 교차하는 지점, 지상도로에서 입체도로가 갈라지거나 교차하는 지점, 입체도로에서 입체도로가 갈라지는 지점",주소정보기본도 작성·관리 규정,2조,미포함,,
283,선택,미준용,교통섬,차량의 안전하고 원활한 교통처리나 보행자 도로횡단의 안전을 확보하기 위하여 교차로 또는 차도의 분기점 등에 설치하는 섬모양의 시설,주소정보기본도 작성·관리 규정,2조,미포함,,
284,선택,미준용,교통신호등,사람이나 이동수단의 통행신호를 표시하는 장치,도로교통법,2조,미포함,,
117,필수,미준용,구,자치구와 행정구,공통표준용어,,포함,"행정구역 중 하나로, 자치구와 자치구가 아닌 구가 포함",
285,선택,미준용,구역,면단위로 일정지역을 구분하는 방식,표준국어대사전,,미포함,,
286,선택,미준용,구역방식,"도로, 하천 등 지형지물을 단위로 나누어 주소를 부여하는 방식",주소기본계획,,미포함,,구역참조체계
11,필수,준용,구역번호,국가기초구역마다 부여하는 번호,도로명주소법,22조,미포함,,
287,선택,미준용,구역정보,행정 목적으로 구획된 지역의 정보,주소정보기본도 작성·관리 규정,3조,미포함,,
118,필수,미준용,구역참조체계,주소참조체계의 하위 개념으로 국가기초구역 주소를 표현하는 체계,주소지식모델,,포함,주소참조체계의 하위 개념으로 국가기초구역 주소를 표현하는 체계,구역방식
288,선택,미준용,구조물의범위,구조물에 포함되는 범위,업무편람,p290,미포함,,
289,선택,미준용,국가기준데이터,행정정보 중 정확성ㆍ통일성ㆍ최신성을 필요로 하는 국가행정의 기준이 되는 데이터,국가기준데이터 관리지침,2조,미포함,,
12,필수,준용,국가기초구역,도로명주소를 기반으로 국토를 읍ㆍ면ㆍ동의 면적보다 작게 경계를 정하여 나눈 구역,도로명주소법,2조,포함,"구역참조체계를 따르는 국가기초구역 참조체계의 주소참조대상 중의 하나로 국가기초구역군, 국가기초구역을 포함",
290,선택,미준용,국가기초구역군,"행정구역의 최하위 단위로, 국가 통계 및 행정 업무를 수행하는 단위",업무편람,,미포함,,
13,필수,준용,국가기초구역번호,국가기초구역마다 부여하는 번호,도로명주소법,22조,포함,구역참조체계를 따르는 국가기초구역 참조체계의 주소구성요소로 국가기초구역마다 부여하는 번호,기초구역번호
119,필수,미준용,국가기초구역번호표기규칙,국가기초구역번호의 구성과 표기방식을 정의한 규칙,주소지식모델,,포함,국가기초구역번호의 구성과 표기방식을 정의한 규칙,
120,필수,미준용,국가기초구역참조체계,주소정보 부여대상의 종류(주소클래스)별로 주소정보 구성요소 중 국가기초구역을 구조화된 방식으로 참조하는 것,주소정보기본도 작성·관리 규정,4조,포함,"주소참조체계의 하위 유형으로, 국가기초구역번호를 부여할 때 사용되는 참조체계",
121,필수,미준용,국가주소정보,"도로명주소법에 따라 식별과 위치 파악을 목적으로 객체(건물,사물, 공간)를 명확하게 확인할 수 있게 하는 구조화된 정보",주소기본계획,,포함,도로구간에 행정안전부령으로 정하는 간격마다 부여된 번호,
291,선택,미준용,국가주소정보시스템,국가주소정보를 관리하는 시스템,주소기본계획,,미포함,,
14,필수,준용,국가지점번호,국토 및 이와 인접한 해양을 격자형으로 일정하게 구획한 지점마다 부여된 번호,도로명주소법,2조,포함,주소로 표현될 수 있는 개념 중의 하나로 공간주소의 하위 관계를 갖음; 국토 및 이와 인접한 해양을 격자형으로 일정하게 구획한 지점마다 부여된 번호,
122,필수,미준용,국가지점번호격자,"국가별로 할당된 고유한 번호로, 지리적 위치를 표시하는 격자 시스템",업무편람,p42,포함,"국가지점번호를 부여하기 위해 10km, 1km, 100m, 10m 단위로 구분된 정사각형 모양의 격자",
123,필수,미준용,국가지점번호격자중심점,국가 지점 번호 시스템에서 사용되는 격자 중심점,업무편람,,포함,격자참조체계 유형인 국가지점번호참조체계의 주소기준점으로 10미터 국가지점번호격자의 중심,
124,필수,미준용,국가지점번호기준점,"국가지점번호의 기준이 되는 점으로 단일평면직각좌표계의 원점(UTM-K)으로부터 서쪽으로 300km, 남쪽으로 700km지점",국가지점번호 기준점 고시,,포함,"국가지점번호의 기준이 되는 점으로 단일평면직각좌표계의 원점(UTM-K)으로부터 서쪽으로 300km, 남쪽으로 700km지점",
125,필수,미준용,국가지점번호참조체계,주소정보 부여대상의 종류(주소클래스)별로 주소정보 구성요소 중 국가지점번호을 구조화된 방식으로 참조하는 것,주소정보기본도 작성·관리 규정,4조,포함,"주소참조체계의 하위 유형으로, 국가지점번호를 부여할 때 사용되는 참조체계",
15,필수,준용,국가지점번호판,도로명주소를 안내하거나 구조ㆍ구급 활동을 지원하기 위하여 국가지점번호를 안내하는 표시판,도로명주소법,23조,포함,주소안내시설 클래스의 하위 클래스로 국가지점번호를 표현하기 위한 개념,지점번호판
126,필수,미준용,국가지점번호표기규칙,국가지점번호참조체계의 표기 규칙에 따라 국가지점번호의 구성과 표기방식을 정의한 규칙 ,주소지식모델,,포함,국가지점번호참조체계의 표기 규칙에 따라 국가지점번호의 구성과 표기방식을 정의한 규칙 ,
292,선택,미준용,국도,도로관리를 공공기관이 하는 도로 (고속국도와 일반국도),도로법,10조,미포함,,
293,선택,미준용,국제자유도시,사람ㆍ상품ㆍ자본의 국제적 이동과 기업활동의 편의가 최대한 보장되도록 규제의 완화 및 국제적 기준이 적용되는 지역적 단위,제주특별자치도 설치 및 국제자유도시 조성을 위한 특별법,2조,미포함,,
294,선택,미준용,국토,대한민국의 영토,헌법,3조,미포함,,
127,필수,미준용,군,행정구역의 단위로 군,지방자치법,3조,포함,지방자치법에 근거해 군으로 정해진 행정구역 단위,
295,선택,미준용,기준점,계산하거나 측정할 때 기준이 되는 점,표준국어대사전,,미포함,,
16,필수,준용,기초간격,일정한 기준에 따라 정해진 도로구간의 간격,도로명주소법,2조,포함,도로참조체계를 따르는 도로명주소(동) 참조체계의 주소참조대상중의 하나로 일정한 기준에 따라 정해진 도로구간의 간격을 말함,
17,필수,준용,기초간격중심점,일정한 기준에 따라 정해진 도로구간의 간격에서 중심,도로명주소법,2조,포함,주소참조 대상의 인스턴스 중의 하나인 기초간격에서의 중심을 뜻함,
128,필수,미준용,기초구간,기초번호가 부여된 도로의 구간,업무편람,p245,포함,기초번호가 부여된 도로의 구간,
18,필수,준용,기초구역,도로명주소를 기반으로 국토를 읍ㆍ면ㆍ동의 면적보다 작게 경계를 정하여 나눈 구역,도로명주소법,2조,미포함,,
19,필수,준용,기초구역번호,국가기초구역마다 부여하는 번호,도로명주소법,22조,미포함,,국가기초구역번호
20,필수,준용,기초번호,도로구간에 일정간격으로 부여된 번호,도로명주소법,2조,포함,도로참조체계를 따르는 기초번호참조체계의 주소구성요소 중의 하나로 도로구간에 일정 간격으로 부여된 번호,
21,필수,준용,기초번호간격,도로구간이나 실내이동경로에 기초번호를 부여하기 위한 간격,도로명주소법,2조,미포함,,
22,필수,준용,기초번호방식,"길의 시작지점이 분기되는 도로구간의 도로명, 길이 분기되는 지점의 기초번호와 ‘번길’을 차례로 붙여서 도로명을 부여하는 방식",도로명주소법 시행규칙,6조,미포함,,
129,필수,미준용,기초번호참조체계,주소정보 부여대상의 종류(주소클래스)별로 주소정보 구성요소 중 기초번호를 구조화된 방식으로 참조하는 것,주소정보기본도 작성·관리 규정,4조,포함,"주소참조체계의 하위 유형으로, 기초번호를 부여할 때 사용되는 참조체계",
23,필수,준용,기초번호판,도로구간의 기초번호를 안내하는 표시판,도로명주소법,9조,포함,기초번호참조체계의 주소안내시설 중의 하나로 기초번호를 표기하기 위한 시설,
130,필수,미준용,기초번호표기규칙,기초번호참조체계의 표기 규칙에 따라 기초번호의 구성과 표기방식을 정의한 규칙 ,주소지식모델,,포함,기초번호참조체계의 표기 규칙에 따라 기초번호의 구성과 표기방식을 정의한 규칙 ,
24,필수,준용,기초조사,주소정보의 정확도를 확인하기 위한 조사,도로명주소법,6조,미포함,,
296,선택,미준용,기호도로,"지도상에 도로의 폭, 노면의 상태 등에 의해 분류한 각종 도로를 일정한 기호로 표시한 도로",지형도 도식적용규정,88조,미포함,,
25,필수,준용,길,대로와 로 외의 도로,도로명주소법 시행령,3조,포함,도로명판의 도로폭을 표현하기 위한 구성 요소로 대로와 로 외의 도로를 위한 개념,
297,선택,미준용,낚시터,낚시가 이루어지는 바다ㆍ바닷가ㆍ내수면 등의 장소,낚시 관리 및 육성법,2조,미포함,,
26,필수,준용,내부도로,건축물 또는 구조물의 내부에 설치된 도로 및 통로,도로명주소법 시행령,3조,미포함,,
131,필수,미준용,내부도로건물번호판,건물 내부에 부여되는 번호판,업무편람,p391,포함,"내부도로의 안내판 유형 중 하나로, 내부도로의 건물번호판",
132,필수,미준용,내부도로기초번호판,도로의 위치를 식별하기 위해 사용되는 번호판,업무편람,p388,포함,"내부도로의 안내판 유형 중 하나로, 내부도로의 기초번호판",
133,필수,미준용,내부도로도로명판,도로 내부에서 도로명을 표시하는 표지판,업무편람,p384,포함,"내부도로의 안내판 유형 중 하나로, 내부도로의 도로명판",
134,필수,미준용,내용협상,클라이언트 콘텐츠 사양에 따라 동일한 HTTP URI를 확인할 때 HTTP 서버가 다른 형식 으로 콘텐츠를 제공하는 프로세스,주소지식모델,,포함,클라이언트 콘텐츠 사양에 따라 동일한 HTTP URI를 확인할 때 HTTP 서버가 다른 형식으로 콘텐츠를 제공하는 프로세스,
135,필수,미준용,노상주차장,도로의 노면 또는 교통광장에 설치된 주차장,주차장법,2조,포함,"사물주소의 주소부여대상 중 하나로, 주차장의 하위 유형인 노면주차장",
136,필수,미준용,노외주차장,도로의 노면 및 교통광장 외의 장소에 설치된 주차장,주차장법,2조,포함,"사물주소의 주소부여대상 중 하나로, 주차장의 하위 유형인 노외주차장",
298,선택,미준용,능선,골짜기와 골짜기 사이의 산등성이,지형 공간정보체계 용어사전,,미포함,,
299,선택,미준용,다중단방향출입구,여러개의출입이 가능한 출입문에서 하나의 방향만 있는 출입구,주소정보기본도 작성·관리 규정,별첨4. 주소정보기본도의 코드정의서,미포함,,
300,선택,미준용,단방향출입구,단방향 출입이 가능한 출입구,주소정보기본도 작성·관리 규정,별첨4. 주소정보기본도의 코드정의서,미포함,,
137,필수,미준용,단지 내 도로,"건물군 내 단지, 아파트단지, 토지단지, 산업단지의 내부에 있는 도로",업무편람,p39,포함,"건물군 내 단지, 아파트단지, 토지단지, 산업단지의 내부에 있는 도로",
27,필수,준용,담장,건물이 하나의 집단으로 구획되어 그 경계를 둘러싸는 구조물,도로명주소법 시행령,4조,미포함,,
28,필수,준용,대로,도로의 폭이 40미터 이상이거나 왕복 8차로 이상인 도로,도로명주소법 시행령,3조,포함,도로명판의 도로폭을 표현하기 위한 구성 요소로 도로의 폭이 40미터 이상이거나 왕복 8차로 이상인 도로,
138,필수,미준용,데이터모델,데이터를 저장하고 접근하는 방식에 대한 개념적 모형,주소지식모델,,포함,데이터를 저장하고 접근하는 방식에 대한 개념적 모형,
139,필수,미준용,도,지방자치법에 근거한 도로 정해진 지방자치단체,지방자치법,2조,포함,지방자치법에 근거한 도로 정해진 지방자치단체,
29,필수,준용,도로,"사람이나 이동수단이 통행할 수 있는 모든 시설, 통로, 길을 총칭하는 것으로 도로의 부속물을 제외함",도로명주소법,2조,포함,"사람이나 이동수단이 통행할 수 있는 모든 시설, 통로, 길을 총칭하는 것으로 도로의 부속물을 제외함",
30,필수,준용,도로구간,도로명을 부여하기 위하여 설정하는 도로의 시작지점과 끝지점 사이,도로명주소법,2조,포함,도로참조체계를 따르는 도로명주소(동) 참조체계의 주소참조대상중의 하나로 도로명을 부여하기 위하여 설정하는 도로의 시작지점과 끝지점 사이,
302,선택,미준용,도로구간의중심선,도로구간의 중심을 나타내는 선형,3차원국토공간정보구축작업규정,15조,미포함,,
31,필수,준용,도로구간종속구분,도로의 종속구간 여부,도로명주소법 시행령,2조,포함,"종속도로의 유형 (1차종속, 2차종속, 3차종속 등)",
32,필수,준용,도로길이,도로명이 부여된 도로의 길이,도로명주소법 시행규칙,12조,포함,도로명이 부여된 도로의 길이,
303,선택,미준용,도로망,상호 서로 유기적인 기능을 발휘할 수 있도록 체계적으로 구성된 도로들의 집합,도로법,2조,미포함,,
33,필수,준용,도로명,도로구간마다 부여된 이름,도로명주소법,2조,포함,도로참조체계를 따르는 도로명주소(동)의 주소구성요소 중의 하나로 도로구간마다 부여된 이름,
304,선택,미준용,도로명방식,도로구간의 도로명과 기초간격의 기초번호를 이용하여 이와 인접한 주소정보를 부여하는 방식,주소기본계획,,미포함,,"도로명참조체계, 도로참조체계"
34,필수,준용,도로명주소,도로명을 중심으로 한 건물등에 대한 구조화된 주소정보,도로명주소법,2조,포함,"주소정보의 하위 개념으로 건물군, 동, 층, 호에 대하여 도로명, 건물번호, 상세주소로 표 기하는 주소",
140,필수,미준용,도로명주소(동)참조체계,주소정보 부여대상의 종류(주소클래스)별로 주소정보 구성요소 중 도로명(동)을 구조화된 방식으로 참조하는 것,주소정보기본도 작성·관리 규정,4조,포함,"주소참조체계의 하위 유형으로, 동 단위의 도로명주소를 부여할 때 사용되는 참조체계",
141,필수,미준용,도로명주소(동)출입구,건물군의 동별 출입구,주소정보기본도 작성·관리 규정,별표3. 주소정보기본도의 컬럼정의서,포함,건물군의 동별 출입구,
142,필수,미준용,도로명주소(층∙호)참조체계,주소정보 부여대상의 종류(주소클래스)별로 주소정보 구성요소 중 도로명주소(층호)을 구조화된 방식으로 참조하는 것,주소정보기본도 작성·관리 규정,4조,포함,"주소참조체계의 하위 유형으로, 층 또는 호 단위의 도로명주소를 부여할 때 사용되는 참조체계",
143,필수,미준용,도로명주소(층∙호)출입구,출입문(층·호)의 중심점,업무편람,p42,포함,출입문(층·호)의 중심점,
35,필수,준용,도로명주소개발자센터,주소정보산업의 진흥을 위해 주소정보관련 개발자를 지원하는 조직,도로명주소법 시행령,52조,미포함,,
305,선택,미준용,도로명주소개별대장,"개별 도로명에 건물번호, 관련 지번, 상세주소 등록현황을 관리하는 대장(공부)",업무편람,p55,미포함,,
306,선택,미준용,도로명주소대장,"도로명주소와 관련된 총괄대장, 개별대상, 폐지대장",업무편람,p55,미포함,,
144,필수,미준용,도로명주소데이터세트,도로명주소 데이터를 포함하는 데이터세트,주소지식모델,,포함,도로명주소 데이터를 포함하는 데이터세트,
36,필수,준용,도로명주소법,"도로명주소, 국가기초구역, 국가지점번호 및 사물주소의 표기ㆍ사용ㆍ관리ㆍ활용 등에 관한 사항을 규정한 법률",도로명주소법,1조,미포함,,
307,선택,미준용,도로명주소전환,지번과 같이 도로명이 아닌 식별자체계를 도로명주소체계로 전환하는 것,주소정보 전산체계 운영규정,10조,미포함,,
145,필수,미준용,도로명주소제약규칙,도로명주소 구성요소의 순서를 표기하기 위한 속성과 속성의 제약조건,주소지식모델,,포함,도로명주소 구성요소의 순서를 표기하기 위한 속성과 속성의 제약조건,
308,선택,미준용,도로명주소총괄대장,새로이 등록하는 도로명에 대하여 최초 등록하는 목록들에 대한 대장(공부),업무편람,p55,미포함,,
309,선택,미준용,도로명주소폐지대장,폐지된 도로명을 관리하는 대장(공부),업무편람,p55,미포함,,
146,필수,미준용,도로명주소표기규칙,주소참조체계의 주소표기 규칙 중 도로명주소 표현 방법,주소지식모델,,포함,주소참조체계의 주소표기 규칙 중 도로명주소 표현 방법,
147,필수,미준용,도로명참조체계,도로구간의 도로명과 기초간격의 기초번호를 이용하여 이와 인접한 주소정보를 부여하는 방식,주소지식모델,,포함,도로구간의 도로명과 기초간격의 기초번호를 이용하여 이와 인접한 주소정보를 부여하는 방식,"도로명방식, 도로참조체계"
37,필수,준용,도로명판,도로명주소를 안내하거나 구조ㆍ구급 활동을 지원하기 위하여 도로명을 안내하는 표시판,도로명주소법,9조,포함,도로참조체계를 따르는 도로명주소(동) 참조체계의 주소안내시설 중의 하나로 도로명주소를 안내하거나 구조ㆍ구급 활동을 지원하기 위하여 도로명을 안내하는 표시판,
310,선택,미준용,도로법,"도로망의 계획수립, 도로 노선의 지정, 도로공사의 시행과 도로의 시설 기준, 도로의 관리ㆍ보전 및 비용 부담 등에 관한 사항을 규정한 법률",도로법,1조,미포함,,
311,선택,미준용,도로변,도로의 변두리,표준국어대사전,,미포함,,
301,선택,미준용,도로부속시설물,도로의 이용과 관리를 위하여 설치하는 시설 또는 공작물,도로법,2조,미포함,,
148,필수,미준용,도로실폭,도로의 실제 폭,주소지식모델,,포함,도로의 실제 폭,도로의실폭
312,선택,미준용,도로연결선,기초간격에서 수직연결점을 포함하여 서로연결되도록 작성되는 선형,주소정보기본도 작성·관리 규정,13조,미포함,,
38,필수,준용,도로유형,"도로명주소법의 도로를 지상도로, 입체도로, 내부도로 등으로 구분한 분류",도로명주소법 시행령,3조,미포함,,
313,선택,미준용,도로의 부속물,도로와 이용과 관리를 위하여 설치하는 시설물 또는 공작물,도로법,2조,미포함,,
314,선택,미준용,도로의실폭,도로의 구분과 도로구간을 설정하지 않는 도로에 따라 정의된 도로의 실제 폭,업무편람,p287,미포함,,도로실폭
149,필수,미준용,도로참조체계,"주소참조체계의 하위 개념으로 도로명주소(동), 사물주소(밖), 기초번호 주소를 표현하는 체계",주소지식모델,,포함,"주소참조체계의 하위 개념으로 도로명주소(동), 사물주소(밖), 기초번호 주소를 표현하는 체계","도로명방식, 도로명참조체계"
315,선택,미준용,도로표지,"이용자가 도로시설을 쉽게 이용하고, 원하는 목적지까지 쉽게 도착할 수 있도록 도로의 방향ㆍ노선ㆍ시설물 및 도로명의 정보를 안내하는 도로의 부속물",도로표지규칙,2조,미포함,,
150,필수,미준용,도메인데이터,핵심 모델 기반 데이터와 연계 가능한 도메인 정보를 포함한 데이터,주소지식모델,,포함,핵심 모델 기반 데이터와 연계 가능한 도메인 정보를 포함한 데이터,
316,선택,미준용,도시공간정보,도시의 지상ㆍ지하ㆍ수상ㆍ수중 등 공간상에 존재하는 자연적 또는 인공적인 객체에 대한 위치정보 및 이와 관련된 공간적 인지 및 의사결정에 필요한 정보,국가공간정보 기본법,2조,미포함,,
39,필수,준용,동,지상으로 돌출된 형태로 구분되는 단위의 건물등,도로명주소법 시행령,27조,포함,지상으로 돌출된 형태로 구분되는 단위의 건물등,"건물, 건축물, 건물등"
151,필수,미준용,동,지방자치법 제10조제2항에 따라 설치된 시에 두는 동,지방자치법,3조,포함,지방자치법에 근거한 동으로 정해진 지방자치단체로 법정동과 읍면동을 포함,
152,필수,미준용,동번호,실내경로참조체계를 따르는 사물주소(안) 참조체계의 주소구성요소 중의 하나로 건물군 내에 건물등마다 부여한 번호 (한글 또는 숫자),주소지식모델,,포함,실내경로참조체계를 따르는 사물주소(안) 참조체계의 주소구성요소 중의 하나로 건물군 내에 건물등마다 부여한 번호 (한글 또는 숫자),
40,필수,준용,동일도로명,도로구간이 서로 연결되어 있으면서 그 이름이 같은 도로명,도로명주소법 시행령,2조,미포함,,
317,선택,미준용,동출입구,건물군의 동별 출입구,주소정보기본도 작성·관리 규정,별첨3. 주소정보기본도의 컬럼정의서,미포함,,
41,필수,준용,동층호,건물등 내부의 독립된 거주ㆍ활동 구역을 구분하기 위하여 부여된 번호,도로명주소법,2조,미포함,,
153,필수,미준용,둔치주차장,하천의 둔치에 설치된 노외주차장,사물주소 부여 대상 시설물의 유형과 기준점 고시,별표1. 시설물의 유형 및 기준점,포함,"사물주소의 주소부여대상 중 하나로, 하천의 둔치에 설치된 노외주차장",
318,선택,미준용,둘레길,시점과 종점이 연결되도록 산의 둘레를 따라 조성한 길,산림문화ㆍ휴양에 관한 법률,22조의2,미포함,,
154,필수,미준용,둥근기둥용,"내부도로용 기초번호판의 종류 중 하나로, 원통 형태의 기둥에 부착하는 유형",업무편람,p365,포함,"내부도로용 기초번호판의 종류 중 하나로, 원통 형태의 기둥에 부착하는 유형",
319,선택,미준용,드론,조종자가 탑승하지 아니한 상태로 항행할 수 있는 비행체,드론 활용의 촉진 및 기반조성에 관한 법률,2조,미포함,,
155,필수,미준용,드론배달점,"물품을 적재하여 드론이 이륙하고, 배달을 위해 착륙 후 물품을 인출할 수 있는 주소기반 이착륙 지점",사물주소 부여 대상 시설물의 유형과 기준점 고시,별표1. 시설물의 유형 및 기준점,포함,"사물주소의 주소부여대상 중 하나로, 물품을 적재하여 드론이 이륙하고 배달을 위해 착륙 후 물품을 인출할 수 있는 주소기반 이착륙 지점",
320,선택,미준용,등기,국가 기관이 법정 절차에 따라 등기부에 부동산이나 동산ㆍ채권 등의 담보 따위에 관한 일정한 권리관계를 적는 일,표준국어대사전,,미포함,,
321,선택,미준용,등기부,전산정보처리조직에 의하여 입력ㆍ처리된 등기정보자료를 대법원규칙으로 정하는 바에 따라 편성한 것(토지등기부(土地登記簿)와 건물등기부(建物登記簿)로 구분),부동산등기법,2조,미포함,,
322,선택,미준용,등기촉탁,당사자의 신청이 아닌 법원 및 그 밖의 관공서가 등기소에 촉탁하여 등기하는 것,네이버부동산사전,,미포함,,
42,필수,준용,등본,도로명주소대장 등본,도로명주소법 시행규칙,35조,미포함,,
323,선택,미준용,디지털주소정보,아날로그가 아닌 디지털방식의 주소정보,TTA용어사전,,미포함,,
324,선택,미준용,디지털트윈,"컴퓨터에도 현실과 동일한 사물 쌍둥이를 만들고, IoT 디바이스 연결을 통해 현실에서 발생하는 상황을 컴퓨터로 시뮬레이션함으로써 결과를 미리 예측하는 기술",TTA표준,,미포함,,
43,필수,준용,로,도로의 폭이 12미터 이상 40미터 미만이거나 왕복 2차로 이상 8차로 미만인 도로,도로명주소법 시행령,3조,포함,도로의 폭이 12미터 이상 40미터 미만이거나 왕복 2차로 이상 8차로 미만인 도로,
156,필수,미준용,리,읍ㆍ면 행정구역 이하의 행정구역단위,지방자치법,3조,포함,지방자치법에 근거해 리로 정해진 행정구역 단위,
325,선택,미준용,망,각각의 구성물들이 상호 유기적인 기능을 발휘하도록 체계적으로 구성,도로법,2조,미포함,,
157,필수,미준용,면,군 행정구역 이하의 행정구역단위,지방자치법,3조,포함,지방자치법에 근거해 면으로 정해진 행정구역 단위,
326,선택,미준용,면적,이차원의 공간을 차지하는 넓이의 크기,표준국어대사전,,미포함,,
327,선택,미준용,멸실,"건축물이 해체, 노후화 및 재해 등으로 효용 및 형체를 완전히 상실한 상태",건축물관리법,2조,미포함,,
44,필수,준용,명예도로,기업 유치 또는 국제교류를 목적으로 하는 추가적으로 도로명이 부여된 도로,도로명주소법,10조,미포함,,
45,필수,준용,명예도로명,"특별자치시장, 특별자치도지사 및 시장ㆍ군수ㆍ구청장은 도로명이 부여된 도로구간의 전부 또는 일부에 대하여 기업 유치 또는 국제교류를 목적으로 하는 도로명",도로명주소법,10조,미포함,,
328,선택,미준용,모빌리티,"사람 또는 물건을 한 장소에서 다른 장소로 이동하거나 운송하는 행위, 기능 또는 과정",모빌리티 혁신 및 활성화 지원에 관한 법률,2조,미포함,,
329,선택,미준용,무더위쉼터,무더위를 피해 쉬어갈 수 있도록 지방자치단체장이 지정한 쉼터,경상북도 폭염 피해 예방 조례,2조,미포함,,
330,선택,미준용,문화재,인위적이거나 자연적으로 형성된 국가적ㆍ민족적 또는 세계적 유산으로서 역사적ㆍ예술적ㆍ학술적 또는 경관적 가치가 큰 것,문화재보호법,2조,미포함,,
158,필수,미준용,반,지방자치법에 근거한 반으로 정해진 행정구역의 단위,지방자치법,3조,포함,지방자치법에 근거한 반으로 정해진 행정구역의 단위,
331,선택,미준용,방파제,바다에서 밀려오는 파도를 막기 위하여 바다에 쌓은 둑 등의 구조물,해양학백과(한국해양학회),,미포함,,
332,선택,미준용,방향,어떤 방위(方位)를 향한 쪽,표준국어대사전,,미포함,,
333,선택,미준용,"배달존
",배달원과 고객들이 만날 수 있는 장소,기타문서,언론보도,미포함,,
334,선택,미준용,배송,"우편이나 운송 수단을 이용하여 물건, 편지, 서류 따위를 보내고 가져다 주는 서비스",기타문서,사전용어조합,미포함,,
335,선택,미준용,버스쉘터,버스 승·하차 이용객을 보호하기 위하여 정류장에 설치한 공작물,버스정보시스템의 기반정보 구축 및 관리요령,p5,미포함,,
159,필수,미준용,버스정류장,버스가 승객을 태우거나 내리기 위하여 차를 정차하거나 주차하는 시설,도로교통법,32조,포함,"사물주소의 주소부여대상 중 하나로, 버스가 사람을 태우거나 내려 주기 위하여 머무르는 일정한 장소",
336,선택,미준용,법정구역,법률로 정해진 행정구역,지방자치법,3조,미포함,,
337,선택,미준용,법정구역시군구,"법정구역인 시, 군, 구",지방자치법,3조,미포함,,
338,선택,미준용,법정구역시도,"법정구역인 시ㆍ도 (특별시, 광역시, 특별자치시, 도, 특별자치도)",지방자치법,3조,미포함,,
339,선택,미준용,법정구역읍면동,"법정구역인 읍, 면, 동",지방자치법,3조,미포함,,
340,선택,미준용,법정구역이 아닌 행정구역,자치구가 아닌 구와 읍ㆍ면ㆍ동을 조례에 의하여 폐지하거나 설치하거나 나누거나 합쳐진 행정구역,지방자치법,6조,미포함,,
160,필수,미준용,법정동,법정구역인 동,지방자치법,3조,포함,"법으로 지정된 동이란 뜻으로, 정부의 토지 구획, 지적도, 재산권 행사와 같은 법률 행위시 일반적으로 주소로 사용되는 동 명칭",
161,필수,미준용,법정리,"법으로 지정된 리란 뜻으로, 정부의 토지 구획, 지적도, 재산권 행사와 같은 법률 행위시 일반적으로 주소로 사용되는 리 명칭",지방자치법,3조,포함,지방자치법에 근거한 법정리로 정해진 행정구역의 단위,
162,필수,미준용,벽면부착형,안내판의 부착장소 유형 중 벽면부착용 안내판,업무편람,p349,포함,안내판의 부착장소 유형 중 벽면부착용 안내판,
163,필수,미준용,벽면용,안내판의 부착장소 유형 중 벽면용 안내판,업무편람,p349,포함,주소안내시설인 도로명판 부착장소에 따른 유형 중의 하나,
164,필수,미준용,별칭,도로명주소법에 따라 부여된 주소정보 이외에 해당 위치를 식별하는 명칭,주소정보 제공에 관한 규정,2조,포함,도로명주소법에 따라 부여된 주소정보 이외에 해당 위치를 식별하는 명칭,
341,선택,미준용,보조출입구,"주출입구가 아닌 출입구
  (동별출입구, 주차장출입구가 별도로 있는 집합건물의 경우 주출입구,동별출입구, 주차장출입구가 아닌 출입구)",주소정보기본도 작성·관리 규정,별첨4. 주소정보기본도의 코드정의서,미포함,,
342,선택,미준용,보행자,걸어서 길거리를 왕래하는 사람,우리말샘,,미포함,,
46,필수,준용,복합명사방식,주된 명사에 방위 등을 붙여 도로명을 부여하는 방식,도로명주소법 시행규칙,6조,미포함,,
47,필수,준용,본번,"주소부여대상에 부여된 본번호 (건물본번, 기초번호본번)",도로명주소법 시행령,23조,미포함,,
343,선택,미준용,부동산,토지와 그것에 정착된 건물이나 수목(樹木：살아 있는 나무) 등의 재산,법령용어사전,,미포함,,
344,선택,미준용,부동산등기,부동산의 점유정보를 국가등기부에 기록하여 공시하는 것,대한민국 법원 인터넷등기소,,미포함,,
345,선택,미준용,비공개 주소정보,비공개하는 공간정보에 해당하는 주소정보,주소정보 제공에 관한 규정,2조,미포함,,
165,필수,미준용,비상급수시설,"지하양수시설 또는 이를 갈음할 수 있는 시설 지하양수시설, 급수탱크, 간이 여과조, 비상 발전기 등 비상급수에 필요한 시설",민방위기본법 시행규칙,9조,포함,"사물주소의 주소부여대상 중 하나로, 전쟁 혹은 지진, 풍수해 등의 자연재해에 의하여 국가적 비상재난이 발생하였을 대, 상수도의 파괴와 오염에 대비하여 식수와 생활용수의 확보를 위해 마련된 시설",
166,필수,미준용,사물,사물주소가 부여되는 시설물,주소정보기본도 작성·관리 규정,2조,포함,사물주소가 부여되는 시설,
346,선택,미준용,사물(건물밖),건물 외부에 위치한 물체,업무편람,p285,미포함,,
347,선택,미준용,사물(건물안),건물 내부에 위치한 물건이나 물체,업무편람,p285,미포함,,
167,필수,미준용,사물번호,주소 부여대상인 사물을 식별할 수 있는 번호(사물관리번호나 사물주소일련번호와는 상이),주소정보기본도 작성·관리 규정,별표3. 주소정보기본도의 컬럼정의서,포함,주소 부여대상인 사물을 식별할 수 있는 번호(사물관리번호나 사물주소일련번호와는 상이),
48,필수,준용,사물번호기준점,하나의 시설물에 사물번호를 부여하기 위하여 기준이 되는 점,도로명주소법 시행령,41조,포함,하나의 시설물에 사물번호를 부여하기 위하여 기준이 되는 점,
168,필수,미준용,사물번호판,주소 부여대상인 사물을 식별할 수 있는 번호(사물관리번호나 사물주소일련번호와는 상이),주소정보기본도 작성·관리 규정,별표3. 주소정보기본도의 컬럼정의서,포함,사물번호를 안내하는 표시판,사물주소판
348,선택,미준용,사물식별번호,주소 부여대상인 사물을 식별할 수 있는 번호(사물관리번호나 사물주소일련번호와는 상이),주소정보기본도 작성·관리 규정,별첨3. 주소정보기본도의 컬럼정의서,미포함,,
349,선택,미준용,사물위치,"사물의 헝태(점,선,면 등)에 따른 수직(지하여부 등)과 수평(좌표)에 대한 사물 위치",주소정보기본도 작성·관리 규정,별첨3. 주소정보기본도의 컬럼정의서,미포함,,
169,필수,미준용,사물유형,사물주소가 부여된 사물의 시설유형,사물주소 부여 대상 시설물의 유형과 기준점 고시,별표1. 시설물의 유형 및 기준점,포함,사물주소가 부여된 사물의 시설유형,
170,필수,미준용,사물유형명,사물을 구분하기 위한 명칭,업무편람,p31,포함,도로참조체계의 사물주소(밖) 참조체계에 대한 주소구성요소 중의 하나로 사물을 구분하기 위한 명칭,
49,필수,준용,사물인터넷,인터넷을 기반으로 모든 사물을 연결하여 사람과 사물 또는 사물과 사물 간 정보를 상호 공유ㆍ소통하는 지능형 기술,도로명주소법 시행령,52조,미포함,,
50,필수,준용,사물주소,도로명과 기초번호를 활용하여 건물등에 해당하지 아니하는 시설물의 위치를 특정하는 정보,도로명주소법,2조,포함,"주소정보의 하위 개념으로 다중이 이용하는 시설물로 행정안전부장관이 고시한 시설물에 대하여 도로명과 건물번호, 사물번호와 사물유형으로 표현하는 주소정보",
51,필수,준용,사물주소 부여 대상,위치 안내가 필요하여 사물주소가 필요하다고 인정되는 시설물,도로명주소법,24조,미포함,,
171,필수,미준용,사물주소(건물밖)참조체계,도로명방식을 참조하는 건물 밖 사물주소 참조체계를 말함,주소정보기본도 작성·관리 규정,,포함,"주소참조체계의 하위 유형으로, 건물 외부에 존재하는 사물의 주소를 부여할 때 사용되는 참조체계",
172,필수,미준용,사물주소(건물안)참조체계,실내이동방식을 참조하는 건물 안 사물주소 참조체계를 말함,주소정보기본도 작성·관리 규정,,포함,"주소참조체계의 하위 유형으로, 건물 내부에 존재하는 사물의 주소를 부여할 때 사용되는 참조체계",
173,필수,미준용,사물주소데이터세트,사물주소 데이터를 포함하는 데이터세트,주소지식모델,,포함,사물주소 데이터를 포함하는 데이터세트,
174,필수,미준용,사물주소제약규칙,사물주소 구성요소의 순서를 표기하기 위한 속성과 속성의 제약조건,주소지식모델,,포함,사물주소 구성요소의 순서를 표기하기 위한 속성과 속성의 제약조건,
175,필수,미준용,사물주소판,사물주소를 쉽게 확인할 수 있도록 사물주소를 안내하는 표시판,주소정보시설규칙,28조,포함,사물주소를 쉽게 확인할 수 있도록 사물주소를 안내하는 표시판,사물번호판
176,필수,미준용,사물주소판(건물밖),사물주소를 안내하는 도로명판,주소정보기본도 작성·관리 규정,,포함,건물 외부에 설치되어 있는 사물주소의 표시판,
177,필수,미준용,사물주소판(건물안),건물 내부가 설치되어 있는 사물주소의 표시판,주소지식모델,,포함,건물 내부가 설치되어 있는 사물주소의 표시판,
178,필수,미준용,사물주소표기규칙,주소참조체계의 주소표기 규칙 중 사물주소 표현 방법,주소지식모델,,포함,주소참조체계의 주소표기 규칙 중 사물주소 표현 방법,
350,선택,미준용,사방댐,"산지의 붕괴, 토석ㆍ나무 등의 유출 또는 모래의 날림 등을 방지 또는 예방과 식물을 파종ㆍ식재하는 사업 또는 이에 부수되는 경관의 조성이나 수원의 함양을 위한 댐",사방사업법,2조,미포함,,
351,선택,미준용,사서함주소,우편관서가 설치함 사서함의 도로명주소,우편법,37조,미포함,,
352,선택,미준용,사업장,사업소나 사무소,국민건강보험법,3조,미포함,,
179,필수,미준용,사업지역명,"행정구역이 결정되지 않은 지역의 행정안전부장관, 특별시장, 광역시장 또는 도지사가 정하여 고시하는 사업지역",주소지식모델,,포함,"행정구역이 결정되지 않은 지역의 행정안전부장관, 특별시장, 광역시장 또는 도지사가 정하여 고시하는 사업지역",
353,선택,미준용,산림레포츠길,험형ㆍ체험형 레저스포츠가 이루어지는 산림 안의 길,산림문화ㆍ휴양에 관한 법률,2조,미포함,,
354,선택,미준용,산불감시초소,산불발생 여부를 감시하는 초소,산불관리통합규정,2조,미포함,,
355,선택,미준용,산악안내판,사물주소를 쉽게 확인할 수 있도록 산악에 설치된 국가지점번호판,기타문서,신문보도(국립공원관리공단),미포함,,산악위치표지판
356,선택,미준용,산악위치표지판,사물주소를 쉽게 확인할 수 있도록 산악에 설치된 국가지점번호판,기타문서,신문보도(국립공원관리공단),미포함,,산악안내판
180,필수,미준용,상세건물명,"건물의 상세한 건물 명칭으로, 보통 건물군 내에 있는 건물의 명칭을 의미함",주소지식모델,,포함,"건물의 상세한 건물 명칭으로, 보통 건물군 내에 있는 건물의 명칭을 의미함",
52,필수,준용,상세주소,"건물등 내부의 독립된 거주ㆍ활동 구역을 구분하기 위하여 부여된 동(棟)번호, 층수 또는 호(號)수",도로명주소법,2조,포함,"건물등 내부의 독립된 거주ㆍ활동 구역을 구분하기 위하여 부여된 동(棟)번호, 층수 또는 호(號)수",
53,필수,준용,상세주소판,상세주소를 안내하는 표시판,도로명주소법,15조,포함,상세주소를 안내하는 표시판,
357,선택,미준용,상업용,상속세 및 증여세법에 의하여 오피스텔이나 복합건물로 지정되지 않고 상업용건물로 지정된 건물의 용도,상속세 및 증여세법,61조,미포함,,
358,선택,미준용,상위주소,주소정보를 상속받아 주소정보를 생성하는 경우 생성된 주소가 상속받은 주소,KS X ISO 19160-1,,미포함,,
359,선택,미준용,선박원부,선박을 등록 관리하기 위한 원장부,선박법,1조,미포함,,
360,선택,미준용,섬길,제주도를 제외하고 만조(滿潮) 시에 바다로 둘러싸인 지역,섬발전촉진법,2조,미포함,,
181,필수,미준용,소공원,소규모 토지를 이용하여 도시민의 휴식 및 정서 함양을 도모하기 위하여 설치하는 공원,도시공원 및 녹지 등에 관한 법률,15조,포함,"사물주소의 주소부여대상 중 하나로, 소규모 토지를 이용하여 도시민의 휴식 및 정서 함양을 도모하기 위하여 설치하는 공원",
361,선택,미준용,수문,저수지나 수로에 설치하여 수량을 조절하는 문,농업용어사전(농촌진흥청),,미포함,,
362,선택,미준용,수직연결점,수직으로 연결되는 점,업무편람,,미포함,,
363,선택,미준용,수직이동통로,"계단, 승강기, 자동계단, 경사로 등 층 간 이동에 사용되는 부분의 공간적 범위",주소정보기본도 작성·관리 규정,2조,미포함,,
364,선택,미준용,숲길,등산ㆍ트레킹ㆍ레저스포츠ㆍ탐방 또는 휴양ㆍ치유 등의 활동을 위하여 산림에 조성한 길,산림문화ㆍ휴양에 관한 법률,2조,미포함,,
365,선택,미준용,스마트시티,도시의 경쟁력과 삶의 질의 향상을 위하여 건설ㆍ정보통신기술 등을 융ㆍ복합하여 건설된 도시기반시설을 바탕으로 다양한 도시서비스를 제공하는 지속가능한 도시,스마트도시 조성 및 산업진흥 등에 관한 법률,2조,미포함,,
182,필수,미준용,시,"행정구역의 단위로 특별시, 광역시, 특별자치시,자치시, 행정시를 포괄",지방자치법,2조,포함,"행정구역의 단위로 특별시, 광역시, 특별자치시, 자치시, 행정시를 포괄",
366,선택,미준용,시간정보,특정시간에만 부여되는 주소정보에 대한 시간에 대한 정보,업무편람,p26,미포함,,
367,선택,미준용,시간주소,시간속성이 부여되는 주소,업무편람,p26,미포함,,
183,필수,미준용,시군구용건물명,지방자치단체에서 사용하는 건물의 명칭,주소지식모델,,포함,지방자치단체에서 사용하는 건물의 명칭,
368,선택,미준용,시군구코드,"법정구역인 시, 군, 구를 관리하기 위한 코드",주소정보기본도 작성·관리 규정,별표3. 주소정보기본도의 컬럼정의서,미포함,,
369,선택,미준용,시내버스정류장,시내버스가 승객을 태우거나 내리기 위하여 차를 정차하거나 주차하는 시설,도로교통법,32조,미포함,,
370,선택,미준용,시설,시설물을 포함하여 특정 목적에 활용되는 제반 시설물과 장소를 총칭,도로법,2조,미포함,,
184,필수,미준용,시설물,공사를 통하여 만들어진 구조물과 그 부대시설,시설물의 안전 및 유지관리에 관한 특별법,2조,포함,사물주소가 부여되는 시설물,
371,선택,미준용,시외버스정류장,시외버스가 승객을 태우거나 내리기 위하여 차를 정차하거나 주차하는 시설,도로교통법,32조,미포함,,
54,필수,준용,시ㆍ군ㆍ구 주소정보위원회,시ㆍ군ㆍ자치구에 설치된 주소정보위원회,도로명주소법,29조,미포함,,
55,필수,준용,시ㆍ도 주소정보위원회,시ㆍ도에 설치된 주소정보위원회,도로명주소법,29조,미포함,,
372,선택,미준용,식별,구분하여 알아봄,표준국어대사전,,미포함,,
373,선택,미준용,신축,건축물이 없는 대지에 새로 건축물을 축조(築造)하는 것,건축법 시행령,2조,미포함,,
374,선택,미준용,실내격자,실내의 좌표값을 부여하기 위하여 일정단위의 분리한 격자,기타문서,서울시설공단_지하도상가 실내측위용 좌표 메타정보 조회 서비스,미포함,,
375,선택,미준용,실내경로,"건물등의 내부에 있는 복도, 계단, 승강기 등으로 통행에 사용되는 경로",주소정보기본도 작성·관리 규정,2조,미포함,,
185,필수,미준용,실내경로구간,실내경로참조체계를 따르는 사물주소(안) 참조체계의 주소참조대상중의 하나로 실내경로 기초간격을 기준으로 선형으로 구분된 구간,주소지식모델,,포함,실내경로참조체계를 따르는 사물주소(안) 참조체계의 주소참조대상중의 하나로 실내경로 기초간격을 기준으로 선형으로 구분된 구간,실내이동경로구간
186,필수,미준용,실내경로기초간격,실내경로참조체계를 따르는 사물주소(안) 참조체계의 주소참조대상중의 하나로 이동경로를 부여하는 간격,주소지식모델,,포함,실내경로참조체계를 따르는 사물주소(안) 참조체계의 주소참조대상중의 하나로 이동경로를 부여하는 간격,실내이동경로기초간격
187,필수,미준용,실내경로기초번호,실내경로참조체계를 따르는 사물주소(안) 참조체계의 주소구성요소 중의 하나로 일정한 단위로 구분되는 실내 경로 구간을 식별하기 위한 번호,주소지식모델,,포함,실내경로참조체계를 따르는 사물주소(안) 참조체계의 주소구성요소 중의 하나로 일정한 단위로 구분되는 실내 경로 구간을 식별하기 위한 번호,실내이동경로기초번호
188,필수,미준용,실내경로실폭,실내경로참조체계를 따르는 사물주소(안) 참조체계의 주소참조대상중의 하나로 실내 경로 기초간격을 기준으로 선형으로 구분된 구간의 실제 폭,주소지식모델,,포함,실내경로참조체계를 따르는 사물주소(안) 참조체계의 주소참조대상중의 하나로 실내 경로 기초간격을 기준으로 선형으로 구분된 구간의 실제 폭,실내이동경로실폭
189,필수,미준용,실내경로참조체계,주소참조체계의 하위 개념으로 기초간격에 등록된 기초번호를 이용한 주소를 표현하는 체계,주소지식모델,,포함,주소참조체계의 하위 개념으로 기초간격에 등록된 기초번호를 이용한 주소를 표현하는 체계,"실내이동경로참조체계, 실내이동경로방식"
376,선택,미준용,실내기초간격,실내이동경로방식에서 이동경로를 부여하는 간격,업무편람,p155,미포함,,실내기초번호간격
377,선택,미준용,실내기초번호간격,실내이동경로방식에서 이동경로를 부여하는 간격,업무편람,p155,미포함,,실내기초간격
378,선택,미준용,실내이동경로,"건물등의 내부에 있는 복도, 계단, 승강기 등으로 통행에 사용되는 경로",주소정보기본도 작성·관리 규정,2조,미포함,,
379,선택,미준용,실내이동경로구간,실내 이동경로 구간을 수 개의 선형으로 나누어 작성하는 간격,주소정보기본도 작성·관리 규정,17조,미포함,,실내경로구간
380,선택,미준용,실내이동경로기초간격,하나의 실내 이동경로 구간을 수 개의 선형으로 나누어 작성하는 실내 이동경로 기초간격,업무편람,,미포함,,실내경로기초간격
381,선택,미준용,실내이동경로기초번호,실내이동경로기초간격에 부여되는 번호,업무편람,,미포함,,실내경로기초번호
382,선택,미준용,실내이동경로방식,실내 이동경로의 기초간격에 등록된 기초번호를 이용하여 이와 인접한 주소정보를 부여하는 방식,주소정보기본도 작성·관리 규정,4조,미포함,,"실내이동경로참조체계, 실내경로참조체계"
383,선택,미준용,실내이동경로실폭,실내이동경로방식에서 작성되는 실내이동경로의 실제 폭,업무편람,,미포함,,실내경로실폭
384,선택,미준용,실내이동경로참조체계,주소정보 부여대상의 종류(주소클래스)별로 주소정보 구성요소 중 실내이동경로를 구조화된 방식으로 참조하는 것,주소정보기본도 작성·관리 규정,4조,미포함,,"실내이동경로방식, 실내경로참조체계"
385,선택,미준용,실폭도로,지도상에 실제 도로의 폭을 축척화한 크기로 나타내는 도로,지형도 도식적용규정,88조,미포함,,
386,선택,미준용,아파트,주택으로 쓰는 층수가 5개 층 이상인 주택,건축법 시행령,별표1. 용도별 건축물의 종류,미포함,,
387,선택,미준용,아파트단지,아파트와 그 부대시설 및 복리시설을 건설하거나 대지를 조성하는 데 사용되는 일단(一團)의 토지,주택법,2조,미포함,,
388,선택,미준용,안내시설,어떤 내용을 소개하거나 사정 따위를 알리는 시설,우리말샘,,미포함,,
190,필수,미준용,앞쪽방향,앞으로 향하는 방향,업무편람,p349,포함,"주소안내시설인 도로명판이 가리키는 방향을 표현하는 방법 중의 하나로 도로폭 4m 이상, 길인 도로구간의 차량용, 대로 또는 로인 도로구간(기본, 선택형)의 도로명판에서 사용",
389,선택,미준용,야영장,텐트와 자동차 등을 이용하여 야영을 할 수 있도록 적합한 시설을 갖추어 조성한 공간,산림문화ㆍ휴양에 관한 법률,2조,미포함,,
390,선택,미준용,양방향출입구,양방향 출입이 가능한 출입구,주소정보기본도 작성·관리 규정,별표4. 주소정보기본도의 코드정의서,미포함,,
191,필수,미준용,어린이공원,어린이의 보건 및 정서생활의 향상에 이바지하기 위하여 설치하는 공원,도시공원 및 녹지 등에 관한 법률,15조,포함,"사물주소의 주소부여대상 중 하나로, 어린이의 보건 및 정서생활의 향상에 이바지하기 위하여 설치하는 공원",
192,필수,미준용,엔터프라이즈주소,주소지능정보에 포함될 수 있는 거대 규모의 주소 관련 정보 집합,주소지식모델,,포함,주소지능정보에 포함될 수 있는 거대 규모의 주소 관련 정보 집합,
391,선택,미준용,여성안심택배함,싱글 여성이나 맞벌이 부부 등을 위하여 설치한 무인택배보관함,기타문서,서울시홈페이지,미포함,,
193,필수,미준용,역참조,참조하는 자원에 대한 정보를 찾기 위해 HTTP URI를 확인하는 프로세스,주소지식모델,,포함,참조하는 자원에 대한 정보를 찾기 위해 HTTP URI를 확인하는 프로세스,
392,선택,미준용,연결경로,도로명주소의 부여대상 객체간을 이동하는 경로나 연결가능한 주소정보의 구성요소를 연결하는 경로,주소기본계획,,미포함,,
194,필수,미준용,연결선,두 개체 또는 구성 요소를 연결하는 선,업무편람,,포함,도로참조체계를 따르는 도로명주소(동) 참조체계의 주소참조대상중의 하나로 주소부여대상과 주소참조대상 사이를 서로 연결하는 선형,
393,선택,미준용,열,"공간, 정보, 데이터의 수직방향이나 수직방향에 나열된 요소들",TTA용어사전,,미포함,,
195,필수,미준용,예고용,현 지점에서 다음에 나타날 도로까지의 거리를 안내하는 도로명판,업무편람,,포함,주소안내시설인 도로명판으로 안내하는 내용 중의 하나로 변경될 도로명을 사전에 안내,
56,필수,준용,예비도로명,도로명을 새로 부여하려거나 기존의 도로명을 변경하려는 경우에 임시로 정하는 도로명,도로명주소법 시행령,2조,미포함,,
196,필수,미준용,왼쪽과오른쪽양방향,양쪽 방향으로 움직일 수 있는 것,업무편람,p349,포함,주소안내시설인 도로명판이 가리키는 방향을 표현하는 방법 중의 하나로 보행자 및 차량 대상의 일반형 도로명판에서 사용,
197,필수,미준용,왼쪽또는오른쪽한방향,어느 한 쪽으로 향하는 방향,업무편람,p349,포함,주소안내시설인 도로명판이 가리키는 방향을 표현하는 방법 중의 하나,
394,선택,미준용,용도구역,"토지의 이용 및 건축물의 용도ㆍ건폐율ㆍ용적률ㆍ높이 등에 대한 용도지역 및 용도지구의 제한을 강화하거나 완화하여 따로 정함으로써 시가지의 무질서한 확산방지, 계획적이고 단계적인 토지이용의 도모, 토지이용의 종합적 조정ㆍ관리 등을 위하여 도시ㆍ군관리계획으로 결정하는 지역",국토의 계획 및 이용에 관한 법률,2조,미포함,,
395,선택,미준용,용도지구,토지의 이용 및 건축물의 용도ㆍ건폐율ㆍ용적률ㆍ높이 등에 대한 용도지역의 제한을 강화하거나 완화하여 적용함으로써 용도지역의 기능을 증진시키고 경관ㆍ안전 등을 도모하기 위하여 도시ㆍ군관리계획으로 결정하는 지역,국토의 계획 및 이용에 관한 법률,2조,미포함,,
396,선택,미준용,용도지역,"토지의 이용 및 건축물의 용도, 건폐율, 용적률, 높이 등을 제한함으로써 토지를 경제적ㆍ효율적으로 이용하기 위하여 결정하는 지역",국토의 계획 및 이용에 관한 법률,2조,미포함,,
198,필수,미준용,우편번호,우편물의 포장에 부착된 우편물의 고유번호,국제우편물 수입통관 사무처리에 관한 고시,p3,포함,국가기초구역번호의 이음동의어 ,
199,필수,미준용,위도,지구상의 어떤 지점의 남북 위치를 나타내는 좌표,공간정보 용어사전,,포함,"지구상의 어떤 지점의 남북 위치를 나타내는 좌표로, y좌표를 의미함",
397,선택,미준용,위치식별자,이동성이 있는 물건 또는 개인이 특정한 시간에 존재하거나 존재하였던 장소에 지정하는데 사용하는 기호,우리말샘,,미포함,,
398,선택,미준용,위치정보,이동성이 있는 물건 또는 개인이 특정한 시간에 존재하거나 존재하였던 장소에 관한 정보,위치정보의 보호 및 이용 등에 관한 법률,2조,미포함,,
399,선택,미준용,위치추적,객체의 위치를 확인하거나 이동경로를 탐지하는 일련의 행위,전자장치 부착 등에 관한 법률,2조,미포함,,
57,필수,준용,유사도로명,특정 도로명을 다른 도로명의 일부로 사용하는 경우 특정 도로명과 다른 모든 도로명,도로명주소법 시행령,2조,미포함,,
200,필수,미준용,육교승강기,도로와 육교간 이동을 위하여 설치한 승강기,사물주소 부여 대상 시설물의 유형과 기준점 고시,별표1. 시설물의 유형 및 기준점,포함,"사물주소의 주소부여대상 중 하나로, 도로와 육교간 이동을 위하여 설치한 승강기",
400,선택,미준용,육교승강장,도로와 육교간 이동을 위하여 설치한 승강기를 타고 내리는 장소,사물주소 부여 대상 시설물의 유형과 기준점 고시,별표1. 시설물의 유형 및 기준점,미포함,,
201,필수,미준용,읍,"법정구역인 읍,면,동 중 읍으로 지정된 곳",지방자치법,3조,포함,지방자치법에 근거해 읍으로 정해진 행정구역 단위,
401,선택,미준용,이동경로,"사람, 이동수단, 이동기기 등이 이동하기 위한 경로",주소기본계획,,미포함,,
202,필수,미준용,이동사유코드,이동한 이유에 대한 코드(도로명주소이동사유나 고시지역이동사유 등에 대한 코드),주소정보기본도 작성·관리 규정,별표4. 주소정보기본도의 코드정의서,포함,이동한 이유에 대한 코드(도로명주소이동사유나 고시지역이동사유 등에 대한 코드),
402,선택,미준용,이면도로용,도로의 특정 구간에서만 통행이 허용되는 것,업무편람,,미포함,,
203,필수,미준용,인명구조함,인명을 구조하기 위해 필요한 장비를 보관하는 시설이나 장치,사물주소 부여 대상 시설물의 유형과 기준점 고시,별표1. 시설물의 유형 및 기준점,포함,"사물주소의 주소부여대상 중 하나로, 인명을 구조하기 위해 필요한 장비를 보관하는 시설이나 장치",
58,필수,준용,일련번호방식,"길의 시작지점이 분기되는 도로구간의 도로명, 길이 분기되는 지점의 일련번호(도로구간에 일정한 간격 없이 순차적으로 부여하는 번호를 말한다)와 ‘길’을 차례로 붙여서 도로명을 부여하는 방식",도로명주소법 시행규칙,6조,미포함,,
204,필수,미준용,일반용,일반적인 안내판의 유형,업무편람,,포함,"주소안내시설인 도로명판의 종류 중의 하나로 보행자용, 차량용에서 일반적으로 사용하는 것으로 한글 도로명, 로마자 도로명, 기초번호를 포함",
403,선택,미준용,임차인,"임대차 계약에서, 돈을 내고 물건을 빌려 쓰는 사람 또는 법인",표준국어대사전,,미포함,,
404,선택,미준용,입구,들어가는 통로,표준국어대사전,,미포함,,
59,필수,준용,입체도로,고속도로를 제외한 공중 또는 지하에 설치된 도로,도로명주소법 시행령,3조,미포함,,
405,선택,미준용,입체주소,평면적 2차원 주소가 아닌 3차원 입체공간을 나타내는 주소,기타문서,행안부보도자료,미포함,,
406,선택,미준용,입체주소정보,평면적 2차원 주소가 아닌 3차원 입체공간을 나타내는 주소의 주소정보,기타문서,행안부보도자료,미포함,,
407,선택,미준용,자동측위기술,수동적인 유지보수작업 없이 자동으로 위치정보가 갱신되는 기술,기타문서,언론보도,미포함,,
408,선택,미준용,자율주행,"자동차, 로봇 등 기계 장치가 외부의 도움을 받지 않고 자체 장착된 각종 센서와 컴퓨팅 시스템의 자율주행 프로그램에 따라 스스로 주행하는 것",TTA용어사전,,미포함,,
409,선택,미준용,자전거보관대,자전거를 보관하거나 주차할 수 있는 장치,공공디자인의 진흥에 관한 법률,2조,미포함,,
205,필수,미준용,자치구,지방자치단체인 구,지방자치법,2조,포함,"자치구는 행정구역 단위로, 광역자치단체인 특별시나 광역시에 소속된 기초자치단체로서의 구",
206,필수,미준용,자치구가 아닌 구,특별시ㆍ광역시 또는 특별자치시가 아닌 인구 50만 이상의 시에 두는 자치구가 아닌 구,지방자치법,3조,포함,지방자치법에 근거한 자치구가 아닌 구로 정해진 지방자치단체,
410,선택,미준용,재난안전시설명,재난 및 안전관리를 목적으로 하는 시설의 이름,재난 및 안전관리 기본법,3조,미포함,,
411,선택,미준용,재활용분리수거함,자원순환이 가능한 폐기물을 분리배출하여 수거하기 위한 함,자원순환기본법 시행령,26조,미포함,,
207,필수,미준용,전기차충전소,전기를 연료로 사용하는 자동차에 전기를 충전하기 위한 장소,사물주소 부여 대상 시설물의 유형과 기준점 고시,별표1. 시설물의 유형 및 기준점,포함,"사물주소의 주소부여대상 중 하나로, 전기를 연료로 사용하는 자동차에 전기를 충전하기 위한 장소",
412,선택,미준용,전동휠체어급속충전기,(장애인ㆍ노인ㆍ임산부 등의 편의를 위해) 전동휠체어를 급속하게 충전하는 기기,공공데이터포털,서울교통공사_전동휠체어 급속충전기 운영 정보,미포함,,
208,필수,미준용,전선주,"주소안내시설인 기초번호판 설치유형 중의 하나로 지상도로, 입체도로에서 보행자 대상의 안내판 부착장소",주소지식모델,,포함,"주소안내시설인 기초번호판 설치유형 중의 하나로 지상도로, 입체도로에서 보행자 대상의 안내판 부착장소",
413,선택,미준용,전주,전선이나 통신선을 늘여 매기 위하여 세운 기둥,표준국어대사전,,미포함,,
414,선택,미준용,점유자,건축물을 자기의 지배 아래 두고 있는 사람 또는 법인으로 건축주를 포함함,표준국어대사전,,미포함,,
415,선택,미준용,정류소,탑승객이 승차 또는 하차할 수 있도록 노선 사이에 설치한 장소,여객자동차 운수사업법 시행규칙,2조,미포함,,
416,선택,미준용,정류장,탑승객이 승차 또는 하차할 수 있도록 노선 사이에 설치한 시설,도로교통법,32조,미포함,,
209,필수,미준용,정보자원,"URI와 연결될 수 있고, 필수 특성을 단일 메시지로 전달할 수 있는 자원",주소지식모델,,포함,"URI와 연결될 수 있고, 필수 특성을 단일 메시지로 전달할 수 있는 자원",
417,선택,미준용,제공하는 주소정보,비공개 또는 공개제한 사항 모두를 제외하고 작성한 주소정보,주소정보 제공에 관한 규정,2조,미포함,,
418,선택,미준용,제한제공 주소정보,사용자와 사용범위를 제한하여 제공하는 주소정보,주소정보 제공에 관한 규정,2조,미포함,,
210,필수,미준용,조명형,"전기, 태양광, 야광 등을 이용하는 안내판 제작방식",업무편람,,포함,"주소안내시설인 도로명판의 제작방식 중의 하나로 전기, 태양광, 야광 등을 이용하는 것을 포함",
211,필수,미준용,졸음쉼터,"휴게소간 간격이 먼 구간에 졸음운전으로 인한 사고를 예방하기 위해 도로안전 기능을 강화하고, 생리적 욕구 해소를 위해 설치한 시설",졸음쉼터 설치 및 관리지침,p1,포함,"사물주소의 주소부여대상 중 하나로, 졸음운전으로 인한 사고예방 및 휴식 공간 제공을 위해 휴게소간 간격이 먼 구간에 설치하여 이용객에게 휴식공간을 제공하는 장소",
60,필수,준용,종속구간,막다른 구간이나 도로를 연결하는 구간에서 별도 도로구간을 설정하지 않고 접해있는 주된 도로구간에 포함시킨 구간,도로명주소법 시행령,2조,포함,막다른 구간이나 도로를 연결하는 구간에서 별도 도로구간을 설정하지 않고 접해있는 주된 도로구간에 포함시킨 구간,
212,필수,미준용,좌표,N 차원 공간에서 하나의 점의 직접 위치(direct position)를 지정하는 숫자들의 나열 중 하나,ISO 19107,,포함,"지구 표면 상의 위치를 나타내는 좌표 시스템으로, 위도와 경도로 표현됨",
419,선택,미준용,주거,주소지로 사용하거나 거주하는 장소,법령용어사전,,미포함,,
420,선택,미준용,주상복합단지,건축물의 용도가 주거용과 비주거용인 건축물이 모인 단지,건축법,2조,미포함,,
213,필수,미준용,주소,"사람이 살고 있는 곳이나 기관, 회사 따위가 자리 잡고 있는 곳의 이름",표준국어대사전,,포함,"사람, 사물, 장소 등 특정한 개체(entity)의 소재와 개체 사이의 관계를 구조화되고 의미적으로 표현된 정보",주소정보
421,선택,미준용,주소검색,국가주소정보와 주소지능정보를 포괄하여 주소기반 정보를 검색하는 것,업무편람,p258,미포함,,
214,필수,미준용,주소관리체계,"주소를 관리하기 위한 법제도, 조직, 시스템, 시설 등을 총칭",주소지식모델,,포함,"주소를 관리하기 위한 법제도, 조직, 시스템, 시설 등을 총칭",
215,필수,미준용,주소구성요소,주소참조체계에 따른 주소를 구성하는 요소들의 집합,주소지식모델,,포함,주소참조체계에 따른 주소를 구성하는 요소들의 집합,주소정보구성요소
422,선택,미준용,주소규정,"주소정보를 부여하기 위하여 참조체계를 사용하는 방법과 주소정보를 관리하는데 필요한 사항을 규정한 법령, 규칙, 표준 등",업무편람,p17,미포함,,
423,선택,미준용,주소기반,"주소정보를 생성,유지,활용,관리하기 위하여 필요한 요소들의 총칭",TTA용어사전,,미포함,,
424,선택,미준용,주소기반 국제표준,국제적으로 공인된 표준화 기관에 의해 채택된 주소관련 표준,TTA용어사전,,미포함,,
425,선택,미준용,주소기반 데이터지능정보,공공데이터를 주소정보를 기반으로 통합하거나 연계하는 것,주소기본계획,,미포함,,
426,선택,미준용,주소기반 비식별지능정보,주소정보를 기반으로 한 비식별주소정보,주소기본계획,,미포함,,
427,선택,미준용,주소기반 사용자지능정보,사용자가 원하는 사물에 주소를 부여하는 것,주소기본계획,,미포함,,
428,선택,미준용,주소기반 이동지능정보,주소정보를 기반으로 자율주행기기와 모빌리티의 이동경로를 주소의 구성요소로 연결하는 것,주소기본계획,,미포함,,
429,선택,미준용,주소기반 장소지능정보,주소정보를 기반으로 공공장소나 다른 곳에서 사용되는 별칭을 연결하는 것,주소기본계획,,미포함,,
430,선택,미준용,주소기반산업협회,주소정보산업의 발전바안 수렴과 주소정보산업 생태계 조성을 위한 조직,주소기본계획,,미포함,,
216,필수,미준용,주소기준점,주소참조체계에 따른 주소 부여 기준,주소지식모델,,포함,주소참조체계에 따른 주소 부여 기준,주소정보기준점
217,필수,미준용,주소데이터세트,주소 데이터를 포함하는 데이터세트,주소지식모델,,포함,주소 데이터를 포함하는 데이터세트,
431,선택,미준용,주소변경,"도로구성요소의 변경, 해당위치의 변경 등으로 주소정보가 변경되는 것",업무편람,p10,미포함,,
61,필수,준용,주소부여대상,주소정보규정에 근거한 주소를 부여받을 대상,도로명주소법,2조,포함,주소정보규정에 근거한 주소를 부여받을 대상,주소정보부여대상
432,선택,미준용,주소산업,주소정보를 수집․정제·유지관리 및 안내하는 주소정보사업과 주소기반 서비스 사업,업무편람,p440,미포함,,
62,필수,준용,주소산업통계,주소산업과 관련된 통계,도로명주소법 시행령,52조,미포함,,
433,선택,미준용,주소식별,"주소정보의 유일성을 확인하는 절차, 또는 주소정보의 식별 부호(ID). 주소정보의 증명 및 확인을 위한 입력값",TTA표준,,미포함,,
218,필수,미준용,주소안내시설,주소를 안내하는 시설,업무편람,,포함,"주소참조체계에 따른 주소안내판으로 도로명판, 건물번호판, 사물주소판, 기초번호판, 상세주소판, 국가지점번호판을 포함",주소정보안내판
434,선택,미준용,주소유효성,"주소정보 값의 형식, 참조값(구성요소값),위치정보의 정확성 등이 유효한지의 여부",TTA용어사전,,미포함,,
63,필수,준용,주소정보,"기초번호, 도로명주소, 국가기초구역, 국가지점번호 및 사물주소에 관한 정보",도로명주소법,2조,미포함,,주소
435,선택,미준용,주소정보 레지스트리 기반 식별자,주소정보를 배포하기 위한 컴포넌트들이 레지스트리에 등록되기 위한 식별자,주소기본계획,,미포함,,
64,필수,준용,주소정보관리시스템,"주소정보를 효율적으로 관리하기 위한 시스템으로 중앙주소정보관리시스템, 시ㆍ도주소정보관리시스, 시ㆍ군ㆍ구주소정보관리시스템을 통칭",도로명주소법 시행령,53조,미포함,,
65,필수,준용,주소정보구성요소,주소정보를 구성하는 요소들,도로명주소법,2조,미포함,,주소구성요소
66,필수,준용,주소정보기본도,주소정보를 종합적으로 수록한 도면,도로명주소법,25조,미포함,,
436,선택,미준용,주소정보기준점,국가지점번호와 사물주소 등 주소가 부여된 기준위치,국가지점번호 기준점 고시,,미포함,,주소기준점
437,선택,미준용,주소정보누리집,대국민에게 주소정보를 서비스하기 위하여 운영하는 시스템,주소정보 전산체계 운영규정,10조,미포함,,
67,필수,준용,주소정보부여대상,주소정보규정에 근거한 주소를 부여받을 대상,도로명주소법,2조,미포함,,주소부여대상
68,필수,준용,주소정보산업,주소정보의 사용과 관련된 산업분야,도로명주소법 시행령,52조,미포함,,
69,필수,준용,주소정보시설,"도로명판, 기초번호판, 건물번호판, 국가지점번호판, 사물주소판 및 주소정보안내판",도로명주소법,2조,미포함,,
438,선택,미준용,주소정보시설 훼손,주소정보시설이 낡거나 깨지거나 하여 사용할 수 없는 상태가 됨,우리말샘,,미포함,,
70,필수,준용,주소정보안내도,주소정보기본도를 이용하여 주소정보를 안내할 목적으로 작성한 지도,도로명주소법,25조,미포함,,
439,선택,미준용,주소정보안내시설,"주소정보시설(도로명판, 건물번호판, 사물주소판, 국가지점번호판, 기초번호판, 주소정보안내판), 상세주소판",업무편람,p54,미포함,,
71,필수,준용,주소정보안내판,주소정보안내도 등을 이용하여 일정한 지역을 안내하기 위하여 제작·설치하는 알림판 (지역안내판 등),도로명주소법,25조,미포함,,주소안내시설
72,필수,준용,주소정보위원회,주소정보와 관련한 중요 사항을 심의하기 위한 조직,도로명주소법,29조,미포함,,
440,선택,미준용,주소정보참조대상,주소정보를 부여하는데 기준이 되는 객체,주소정보기본도 작성·관리 규정,3조,미포함,,주소참조대상
441,선택,미준용,주소정보참조체계,주소정보의 참조체계는 문자로 표현하는 주소정보를 작성하기 위하여 여러 주소정보의 구성요소를 조합하는 기준을 말함,업무편람,,미포함,,"주소참조체계, 참조체계"
73,필수,준용,주소정보체계,주소정보의 관리 및 운영 체계,도로명주소법,2조,미포함,,주소체계
74,필수,준용,주소정보품질인증,"산업 분야에서 사용ㆍ관리하는 주소정보의 구조 및 성능, 품질관리체계, 표준화 준수, 값 오류 등을 진단하여 특정 지수 이상에 대하여 인증을 부여하는 제도",도로명주소법 시행령,52조,미포함,,
75,필수,준용,주소정보활용기본계획,주소정보를 활용하여 국민의 생활안전과 편의를 높이고 관련 산업을 활성화하기 위하여 5년마다 수립ㆍ시행하는 기본계획,도로명주소법,5조,미포함,,
76,필수,준용,주소정보활용지원센터,주소정보의 관리ㆍ활용과 관련 산업의 진흥을 목적으로 행정안전부장관 및 시ㆍ도지사가 설치ㆍ운영하는 조직,도로명주소법,28조,미포함,,
77,필수,준용,주소정책,국민의 생활안전과 편의를 도모하고 관련 산업의 지원을 통하여 국가경쟁력 강화에 이바지하기 위한 도로명주소의 목적을 실현하기 위한 방책들,도로명주소법,1조,미포함,,
219,필수,미준용,주소제약규칙,주소구성요소의 순서를 표기하기 위한 속성과 속성의 제약조건,주소지식모델,,포함,주소구성요소의 순서를 표기하기 위한 속성과 속성의 제약조건,
220,필수,미준용,주소지능정보,새로운 서비스 창출을 위하여 주소정보를 중심으로 다른 정보를 융복합하여 구축한 정보,주소기본계획,,포함,새로운 서비스 창출을 위하여 주소정보를 중심으로 다른 정보를 융복합하여 구축한 정보,
221,필수,미준용,주소지식그래프,주소지식모델을 따라 구축된 그래프 형식의 데이터,주소지식모델,,포함,주소지식모델을 따라 구축된 그래프 형식의 데이터,
222,필수,미준용,주소지식모델,한국의 주소체계를 기계가 읽을 수 있는 형식으로 데이터의 구조와 의미를 표현하는 그래프 데이터 모델,주소지식모델,,포함,한국의 주소체계를 기계가 읽을 수 있는 형식으로 데이터의 구조와 의미를 표현하는 그래프 데이터 모델,
223,필수,미준용,주소참조대상,"주소참조체계에 따른 주소 표현을 위한 객체로 도로의 실폭, 도로구간, 기초간격, 실내경 로 구간, 실내경로 기초간격, 실내경로 실폭, 격자, 국가기초구역군, 국가기초구역을 포함",주소지식모델,,포함,"주소참조체계에 따른 주소 표현을 위한 객체로 도로의 실폭, 도로구간, 기초간격, 실내경로 구간, 실내경로 기초간격, 실내경로 실폭, 격자, 국가기초구역군, 국가기초구역을 포함",주소정보참조대상
224,필수,미준용,주소참조체계,주소정보를 부여하는데 기준이 되는 일정한 원리에 따라 계통적으로 결합된 체계,주소정보기본도 작성·관리 규정,4조,포함,"주소부여대상의 유형별로 주소구성요소를 구조화하는 방식으로 주소참조대상, 주소구성요소, 기준점, 안내시설 등의 세부 정보자원을 포함","주소정보참조체계, 참조체계"
225,필수,미준용,주소체계,"주소참조체계, 주소정보, 주소지능정보, 주소정보안내시설과 주소관리체계(법제도, 조직, 시스템, 시설 등)를 총칭",주소기본계획,,포함,"주소참조체계, 주소정보, 주소지능정보, 주소정보안내시설과 주소관리체계(법제도, 조직, 시스템, 시설 등)를 총칭",주소정보체계
226,필수,미준용,주소카탈로그,"국가주소정보, 주소지식그래프, 엔터프라이즈주소 데이터세트 등의 메타데이터를 포함하는 카탈로그",주소지식모델,,포함,"국가주소정보, 주소지식그래프, 엔터프라이즈주소 데이터세트 등의 메타데이터를 포함하는 카탈로그",
442,선택,미준용,주소클래스,"동일한 주소 구성요소, 연산, 방법, 관계 및 의미를 공유하는 주소부여대상의 세트",KS X ISO 19160-1,,미포함,,
227,필수,미준용,주소표기규칙,주소의 구성과 표기방식을 정의한 규칙,주소지식모델,,포함,주소의 구성과 표기방식을 정의한 규칙,
78,필수,준용,주소표기방식,주소정보의 주소정보구성요소를 나열하고 표시하는 방법,도로명주소법,15조,미포함,,
443,선택,미준용,주소품질,"주소정보의 최신성, 정확성, 상호연계성 등을 확보하여 이를 사용자에게 유용한 가치를 줄 수 있는 수준",공공데이터포털의 공공데이터 품질 정의,,미포함,,
444,선택,미준용,주위토지통행권,토지소유자가 해당토지의 통행을 위해 부득이하게 인정되는 주위토지에 대한 통행권,민법,219조,미포함,,
445,선택,미준용,주위통행권,분할된 토지의 소유자가 해당토지의 통행을 위해 부득이하게 인정되는 다른 분할자의 토지에 대한 통행권,민법,220조,미포함,,
446,선택,미준용,주차구역,도로의 노면 또는 노면외의 일정한 구역에 설치된 주차장의 구역,사물주소 부여 대상 시설물의 유형과 기준점 고시,별표1. 시설물의 유형 및 기준점,미포함,,
447,선택,미준용,주차면,주차장내 한 대의 차량이 주차할 수 있는 주차 공간 (주차장법의 주차단위구획과 동일한 용어),TTA표준,,미포함,,
228,필수,미준용,주차장,자동차의 주차를 위한 시설,주차장법,2조,포함,"사물주소의 주소부여대상 중 하나로, 자동차의 주차를 위한 시설",
448,선택,미준용,주출입구,건축물대장에 기록된 주출입구 (건축물대장에 없는 경우는 입구를 주출입구로 지정),건축물대장의 기재 및 관리 등에 관한 규칙,,미포함,,
229,필수,미준용,중심점,"출입구, 사물주소, 국가지점번호, 기초간격 등 주소를 부여하거나 참조하는 대상의 중심이 되는 위치",업무편람,,포함,"출입구, 사물주소, 국가지점번호, 기초간격 등 주소를 부여하거나 참조하는 대상의 중심이 되는 위치",
79,필수,준용,중앙주소정보위원회,행정안전부에 설치된 주소정보위원회,도로명주소법,29조,미포함,,
449,선택,미준용,지대,일정구역을 나타내는 일반 용어,표준국어대사전,,미포함,,
450,선택,미준용,지리,지형이나 길,표준국어대사전,,미포함,,
451,선택,미준용,지리좌표,지리적 경위도,TTA표준,,미포함,,
230,필수,미준용,지번,필지에 부여하여 지적공부에 등록한 번호,공간정보의 구축 및 관리 등에 관한 법률,2조,포함,필지에 부여하여 지적공부에 등록한 번호,
231,필수,미준용,지번주소,주소로 사용되는 필지에 부여하여 지적공부에 등록한 번호가 부여된 주소,주소지식모델,,포함,주소로 사용되는 필지에 부여하여 지적공부에 등록한 번호가 부여된 주소,
80,필수,준용,지상도로,고속도로와 주변과 높낮이가 비슷한 도로,도로명주소법 시행령,3조,미포함,,
452,선택,미준용,지상층수,"층의 구분이 명확한 경우는 구분에 따라 층의 구분이 명확하지 않은 경우는 4미터를 한층으로, 건축물 부분에 따라 층수가 다른 경우는 가장 큰 층수",건축법 시행령,119조,미포함,,
232,필수,미준용,지역안내판,지역별로 설치된 주소정보안내판,업무편람,,포함,지역별로 설치된 주소안내시설,
453,선택,미준용,지오코딩,"도로명, 주소, 식별자(예: 필지코드 등) 등으로 지리좌표 값을 얻는 것",국토조사를 위한 격자체계 설정 및 지표 생산기준,2조,미포함,,
454,선택,미준용,지오펜싱,‘지리적(Geographic)’과 ‘울타리(Fencing)’의 합상어로 특정 대상이 범위 안에 있느냐 없느냐를 분석하는 기술,네이버지식백과(ICT),,미포함,,
455,선택,미준용,지적,"토지의 위치, 형태, 면적, 용도, 소유관계를 고시하는 제도",토지이용용어사전(국토부),,미포함,,
81,필수,준용,지점번호,국토 및 이와 인접한 해양을 격자형으로 일정하게 구획한 지점마다 부여된 번,도로명주소법,2조,미포함,,
82,필수,준용,지점번호판,도로명주소를 안내하거나 구조ㆍ구급 활동을 지원하기 위하여 국가지점번호를 안내하는 표시판,도로명주소법,23조,미포함,,국가지점번호판
456,선택,미준용,지주,튼튼한 기둥,표준국어대사전,,미포함,,
83,필수,준용,지주등,가로등ㆍ교통신호등ㆍ도로표지 등이 설치된 지주와 전주 및 도로변 전기ㆍ통신 관련 시설,도로명주소법,9조,포함,가로등ㆍ교통신호등ㆍ도로표지 등이 설치된 지주와 전주 및 도로변 전기ㆍ통신 관련 시설,
233,필수,미준용,지주용,"안내판의 종류 중 하나로, 지주에 부착하는 유형",업무편람,,포함,주소안내시설인 도로명판 부착장소에 따른 유형 중의 하나,
457,선택,미준용,지진옥외대피소,긴급(임시)피난을 목적으로 지진 발생 시 대피지구 내의 주민 등이 10분 이내에 대피가 가능한 안전한 장소,사물주소 부여 대상 시설물의 유형과 기준점 고시,별표1. 시설물의 유형 및 기준점,미포함,,지진옥외대피장소
234,필수,미준용,지진옥외대피장소,긴급(임시)피난을 목적으로 지진 발생 시 대피지구 내의 주민 등이 10분 이내에 대피가 가능한 안전한 장소,사물주소 부여 대상 시설물의 유형과 기준점 고시,별표1. 시설물의 유형 및 기준점,포함,"사물주소의 주소부여대상 중 하나로, 긴급(임시)피난을 목적으로 지진 발생 시 대피지구 내의 주민 등이 10분 이내에 대피가 가능한 안전한 장소",지진옥외대피소
458,선택,미준용,지진해일긴급대피장소,긴급(임시)피난을 목적으로 지진해일 발생 시 지진해일 대피지구 내의 주민 등이 10분 이내에 대피가 가능한 안전한 장소,지진해일 대비 주민대피계획 수립 지침,2조,미포함,,지진해일대피소
459,선택,미준용,지진해일대피소,긴급(임시)피난을 목적으로 지진해일 발생 시 지진해일 대피지구 내의 주민 등이 10분 이내에 대피가 가능한 안전한 장소,서울열린데이터광장,서울시 지진 해일대피소 정보,미포함,,지진해일긴급대피장소
460,선택,미준용,지표격자,"국토관리의 현황 및 지속가능성을 측정ㆍ평가하기 위한 지표를 생단하기 위한 정사각형 격자(한변의 길이가 10m, 50m, 100m, 250m, 500m, 1km, 10km, 100km 중 하나)",국토기본법,25조,미포함,,
461,선택,미준용,지표격자 표시,지표격자에 지표를 지도상에 문자와 기호 등을 이용하여 시각화한 것,국토조사를 위한 격자체계 설정 및 지표 생산기준,2조,미포함,,
462,선택,미준용,지하,개발ㆍ이용ㆍ관리의 대상이 되는 지표면 아래,지하안전관리에 관한 특별법,2조,미포함,,
463,선택,미준용,지하도,주된 도로구간이 설정되지 않은 지하에 설치된 도로 및 통로,주소정보기본도 작성·관리 규정,2조,미포함,,
84,필수,준용,지하도로,지하에 설치된 도로 및 통로,도로명주소법 시행령,3조,미포함,,
464,선택,미준용,지하차도,지하에 설치된 도로에 보도를 구분하기 위해 설치된 표지 또는 인공구조물로 도로의 일부,도로교통법,2조,미포함,,
465,선택,미준용,지하철,"도시철도시설, 철도시설 중 지하를 개발·이용하는 시설물",지하공간통합지도 제작 작업규정,"2조, 18조",미포함,,
466,선택,미준용,지하철선로,지하철(도시철도)운행 시 궤도 및 이를 지지하는 인공구조물,도시철도운전규칙,3조,미포함,,
467,선택,미준용,지하철출입구,지하철을 출입하는 출입문의 중심점,업무편람,p42,미포함,,
468,선택,미준용,지하층수,지하의 바닥구조(슬래브)의 개수,주택건설기준 등에 관한 규정,14조의2,미포함,,
469,선택,미준용,지하층연결로,지하보행로와 인근 건축물의 지하층 사이를 통행할 수 있도록 설치된 계단 또는 통로,지하공공보도시설의 결정ㆍ구조 및 설치기준에 관한 규칙,2조,미포함,,
470,선택,미준용,진입,향하여 내처 들어감,표준국어대사전,,미포함,,
471,선택,미준용,진입도로,보행자 및 자동차의 통행이 가능한 도로로서 기간도로로부터 주택단지의 출입구에 이르는 도로,주택건설기준 등에 관한 규정,2조,미포함,,
472,선택,미준용,진출입로,연결허가를 받은 시설 중 도로와 연결되는 시설이 다른 도로나 통로 등 일반인의 통행에 이용하는 시설,도로법,53조,미포함,,
473,선택,미준용,짝수길,"도로명방식이나 실니이동경로방식에서 기초구간, 이동경로 등의 기초번호나 가진번호에 짝수가 부여된 길",업무편람,p102,미포함,,
474,선택,미준용,차도,도로에 보도를 구분하기 위해 설치된 표지 또는 인공구조물로 도로의 일부,도로교통법,2조,미포함,,
475,선택,미준용,차량,원동기에 의하여 육상에서 이동할 목적으로 제작한 용구 또는 이에 견인되어 육상을 이동할 목적으로 제작한 용구,자동차관리법,2조,미포함,,
476,선택,미준용,차로,사람이 다니는 길 따위와 구분하여 자동차만 다니게 한 도로,표준국어대사전,,미포함,,
477,선택,미준용,차선,차로와 차로를 구분하기 위하여 그 경계지점을 안전표지로 표시한 선,도로교통법,2조,미포함,,
478,선택,미준용,참조대상,주소정보를 부여하는데 기준이 되는 객체,주소정보기본도 작성·관리 규정,3조,미포함,,
479,선택,미준용,참조체계,주소정보의 참조체계는 문자로 표현하는 주소정보를 작성하기 위하여 여러 주소정보의 구성요소를 조합하는 기준을 말함,업무편람,p20,미포함,,"주소정보참조체계, 주소참조체계"
480,선택,미준용,철도,여객 또는 화물을 운송하는 데 필요한 철도시설과 철도차량 및 이와 관련된 운영ㆍ지원체계가 유기적으로 구성된 운송체계,철도산업발전기본법,2조,미포함,,
481,선택,미준용,철도선로,철도차량을 운행하기 위한 궤도와 이를 받치는 노반 또는 공작물로 구성된 시설물,철도산업발전기본법,2조,미포함,,
482,선택,미준용,철탑,철골이나 철재 소재의 탑 형태로 설치한 구조물,무선설비 공동사용 및 환경친화적 설치에 관한 기준과 절차,2조,미포함,,
483,선택,미준용,출입,"사람, 이동수단, 이동기기 등이 건물등이나 시설물에 들어거나 나가는 것",표준국어대사전,,미포함,,
235,필수,미준용,출입구,"출입문(담장, 건물등 벽면, 층·호의 벽면 등)의 중심점을 말함",업무편람,p42,포함,도로참조체계를 따르는 도로명주소(동) 참조체계의 주소기준점,
484,선택,미준용,출입구유형,"사물주소의 출입구 분류(단방향형, 왼쪽개방형, 오른쪽개방형, 양방향개방형)",주소정보기본도 작성·관리 규정,별표4. 주소정보기본도의 코드정의서,미포함,,
485,선택,미준용,측위,위치정보의 측량,우리말샘,,미포함,,
85,필수,준용,층,천장 및 바닥면으로 구획된 공간으로서 두 개의 바닥면(유사한 높이에 있는 바닥면) 사이의 공간 또는 지붕과 바닥면 사이의 공간,도로명주소법 시행령,27조,포함,도로명주소(건물안)참조체계가 포함할 수 있는 주소구성요소 중의 하나로 건물 안의 천장과 바닥면을 구분하기 위해 사용되는 이름,
236,필수,미준용,층수,건물 또는 집의 층을 나타내는 숫자,주소지식모델,,포함,건물 또는 집의 층을 나타내는 숫자,
486,선택,미준용,층의출입구,건물 내 각 층에 위치한 출입구,업무편람,,미포함,,
487,선택,미준용,탐방로,명승고적 따위를 구경하려고 찾아가는 사람들을 위해 만들어 놓은 길,우리말샘,,미포함,,
488,선택,미준용,태양광발전시설,태양에너지를 생산하거나 신ㆍ재생에너지의 전력계통 연계조건을 개선하기 위한 시설,신에너지 및 재생에너지 개발ㆍ이용ㆍ보급 촉진법,2조,미포함,,
237,필수,미준용,택시승강장,택시운송사업용 자동차가 승객을 승·하차 시키거나 승객을 태우기 위해 대기하는 장소 또는 구역,사물주소 부여 대상 시설물의 유형과 기준점 고시,별표1. 시설물의 유형 및 기준점,포함,"사물주소의 주소부여대상 중 하나로, 택시운송사업용 자동차가 승객을 승·하차 시키거나 승객을 태우기 위해 대기하는 장소 또는 구역",
489,선택,미준용,택시정류장,택시운송사업용 자동차에 승객을 승차ㆍ하차시키거나 승객을 태우기 위하여 대기하는 시설,여객자동차 운수사업법 시행규칙,2조,미포함,  ,
490,선택,미준용,터널,전체 길이 1천미터 이상의 터널 및 왕복 3차로 이상의 터널,도로법 시행규칙,8조,미포함,,
238,필수,미준용,"터널,지하도로기초번호판","차량에 안내하기 위한 지상도로, 입체도로에 설치되는 기초번호판으로 한글 도로명, 로마자 도로명, 기초번호, 터널이나 지하도로명, 사용법, 모퉁이를 포함",주소지식모델,,포함,"차량에 안내하기 위한 지상도로, 입체도로에 설치되는 기초번호판으로 한글 도로명, 로마자 도로명, 기초번호, 터널이나 지하도로명, 사용법, 모퉁이를 포함",
491,선택,미준용,터널명,터널에 부여된 이름,도로법 시행규칙,8조,미포함,,
239,필수,미준용,통,지방자치법에 근거해 통으로 정해진 행정구역 단위,지방자치법,7조,포함,지방자치단체의 조례에 따른 행정동 하부구조,
492,선택,미준용,통로,통하여 다니는 길,표준국어대사전,,미포함,,
493,선택,미준용,통신주,"통신설비를 위해 주로 나대지에 콘크리트, 강철 소재의 전주 형태로 설치한 구조",무선설비 공동사용 및 환경친화적 설치에 관한 기준과 절차,2조,미포함,,
240,필수,미준용,특례시,"인구 100만 이상 대도시로, 실질적인 행정수요, 지역균형발전 및 지방소멸위기 등을 고려하여 대통령령으로 정하는 기준과 절차에 따라 행정안전부장관이 지정하는 시∙군∙구",지방자치법,198조,포함,지방자치법에 근거한 특례시로 정해진 지방자치단체 ,
241,필수,미준용,특별시,행정구역의 단위로 특별시(서울특별시가 유일),지방자치법,2조,포함,지방자치법에 근거한 특별시로 정해진 지방자치단체,
242,필수,미준용,특별자치도,"제주특별자치도 설치 및 국제자유도시 조성을 위한 특별법, 강원특별자치도 설치 등에 관한 특별법에 의해 설치된 제주특별자치도와 강원특별자치도","제주특별자치도 설치 및 국제자유도시 조성을 위한 특별법, 강원특별자치도 설치 등에 관한 특별법",,포함,지방자치법에 근거한 특별자치도로 정해진 지방자치단체 ,
243,필수,미준용,특별자치시,행정구역의 단위로 특별자치시(세종특별자치시가 유일),지방자치법,2조,포함,지방자치법에 근거한 특별자치시로 정해진 지방자치단체 ,
494,선택,미준용,평면주소,단일평면직각좌표계를 사용하는 2차원 지도,주소정보기본도 작성·관리 규정,5조,미포함,,
495,선택,미준용,표기방법,도로명주소를 표기하는 방법,업무편람,p13,미포함,,
496,선택,미준용,표기법,부호나 문자로써 한 언어를 표기하는 규칙,표준국어대사전,,미포함,,
497,선택,미준용,푸드트럭,이동용 음식판매용도의 화물자동차,이동용 음식판매 화물자동차 내 액화석유가스 사용시설에 대한 특례기준,1조,미포함,,
498,선택,미준용,프로파일링,"한 개 이상의 기반 표준 또는 특정 함수를 완성시키는 데 필수적인 표준이 선택된 절, 클래스, 선택 조건 및 매개변수의 식별을 포함하는 기반 표준에 대한 하위 세트의 모음",KS X ISO 19160-1,p4,미포함,,
499,선택,미준용,필지,대통령령으로 정하는 바에 따라 구획되는 토지의 등록단위,공간정보의 구축 및 관리 등에 관한 법률,2조,미포함,,
500,선택,미준용,하위주소,주소정보를 상속받아 주소정보를 생성하는 경우 생성된 주소,KS X ISO 19160-1,,미포함,,
501,선택,미준용,하천,지표면에 내린 빗물 등이 모여 흐르는 물길,하천법,2조,미포함,,
502,선택,미준용,하하위주소,주소정보를 상속받아 주소정보를 생성하는 경우 생성된 주소의 하위주소,KS X ISO 19160-1,,미포함,,
503,선택,미준용,학군,"초등학교권역, 중학교권역, 고등학교권역 을 총칭",주소정보기본도 작성·관리 규정,35조,미포함,,
504,선택,미준용,한국형위성항법시스템,"항공위성서비스""(KASS:Korea Augmentation Satellite System)를 통해 GPS 신호의 오차를 보정한 정보를 정지궤도위성을 통해 사용자에게 전달하는 위성항법보정시스템",항공위성서비스(KASS) 운영 및 관리규정,2조,미포함,,
244,필수,미준용,핵심모델,주소지식모델의 기반이 되는 구성요소들로 이뤄진 개념 모델,주소지식모델,,포함,주소지식모델의 기반이 되는 구성요소들로 이뤄진 개념 모델,
505,선택,미준용,행,"공간, 정보, 데이터의 수평방향이나 수평방향에 나열된 요소들",TTA용어사전,,미포함,,
506,선택,미준용,행정경계,행정구역의 경계,지방자치법,5조,미포함,,
245,필수,미준용,행정구,지방자치단체가 아닌 구,지방자치법,2조,포함,지방자치단체가 아닌 구,
246,필수,미준용,행정구역,법률에 정해진 지방자치단체의 구역(법정구역)이나 조례로 정해진 자치구가 아닌 구와 읍ㆍ면ㆍ동 등의 구역,지방자치법,5조,포함,법률에 정해진 지방자치단체의 구역(법정구역)이나 조례로 정해진 자치구가 아닌 구와 읍ㆍ면ㆍ동 등의 구역,
247,필수,미준용,행정구역결정지역표기규칙,주소를 표기하기 위한 규칙 중의 하나로 행정구역이 결정된 지역의 주소의 구성과 표기방식을 정의한 규칙,주소지식모델,,포함,주소를 표기하기 위한 규칙 중의 하나로 행정구역이 결정된 지역의 주소의 구성과 표기방식을 정의한 규칙,
248,필수,미준용,행정구역명,행정구역의 이름,지방자치법,5조,포함,행정구역의 이름,
86,필수,준용,행정구역미결정지역,행정구역이 결정되지 않은 지역,도로명주소법 시행령,6조,포함,행정구역이 결정되지 않은 지역,
249,필수,미준용,행정구역미결정지역표기규칙,주소를 표기하기 위한 규칙 중의 하나로 행정구역이 결정되지 않은 지역의 주소의 구성과 표기방식을 정의한 규칙,주소지식모델,,포함,주소를 표기하기 위한 규칙 중의 하나로 행정구역이 결정되지 않은 지역의 주소의 구성과 표기방식을 정의한 규칙,
250,필수,미준용,행정동,지방자치단체의 조례로 정하는 바에 따라 하나의 동ㆍ리를 2개 이상의 동ㆍ리로 운영하거나 2개 이상의 동ㆍ리를 하나의 동ㆍ리로 운영하는 등 행정 운영상 동,주소지식모델,,포함,지방자치단체의 조례로 정하는 바에 따라 하나의 동ㆍ리를 2개 이상의 동ㆍ리로 운영하거나 2개 이상의 동ㆍ리를 하나의 동ㆍ리로 운영하는 등 행정 운영상 동,
251,필수,미준용,행정리,행정 능률과 주민의 편의를 위하여 동∙리에 설치된 행정 운영상의 리,지방자치법,7조,포함,지방자치법에 근거한 행정리로 정해진 행정구역의 단위,
252,필수,미준용,행정시,제주특별자치도 내의 지방자치단체가 아닌 시,"제주특별자치도 설치 및 국제자유도시 조성을 위한 특별법, 강원특별자치도 설치 등에 관한 특별법",10조,포함,제주특별자치도 내의 지방자치단체가 아닌 시,
87,필수,준용,호,"건물등 내부의 독립된 거주ㆍ활동 구역을 구분하기 위하여 부여된 동, 층수 이하의 단위",도로명주소법,2조,포함,도로명주소(건물안)참조체계가 포함할 수 있는 주소구성요소 중의 하나로 건물 내부의 거주 및 활동 구역 구분을 위해 부여된 번호,
88,필수,준용,호수,호에 부여되는 수,도로명주소법,2조,미포함,,
507,선택,미준용,호의출입구,건물이나 시설물 내부의 호의 출입구,업무편람,,미포함,,
508,선택,미준용,홀수길,"도로명방식이나 실내이동경로방식에서 기초구간, 이동경로 등의 기초번호나 가진번호에 홀수가 부여된 길",업무편람,p102,미포함,,
509,선택,미준용,훼손,헐리거나 깨져 못 쓰게 됨,국립국어원,,미포함,,